LCA_CASE_EMPLOYER_NAME,LCA_CASE_EMPLOYER_CITY,LCA_CASE_EMPLOYER_POSTAL_CODE,LCA_CASE_JOB_TITLE,LCA_CASE_WAGE_RATE_FROM,CODE,SALARY_RANGE
"@BUSINESS, INC.",PASADENA,91101,COMPUTER SYSTEMS ANALYST,61131,C,50001 to 100000
"@BUSINESS, INC.",PASADENA,91101,COMPUTER SYSTEMS ANALYST,75000,C,50001 to 100000
"@BUSINESS, INC.",PASADENA,91101,SOFTWARE ENGINEER,75000,C,50001 to 100000
"@BUSINESS, INC.",PASADENA,91101,SYSTEMS ANALYST,80000,C,50001 to 100000
"@BUSINESS, INC.",PASADENA,91101,INFORMATION SECURITY ENGINEER,112000,D,100001 to 125000
"140 PROOF, INC.",SAN FRANCISCO,94107,SENIOR SOFTWARE ENGINEER,120000,D,100001 to 125000
1450 NORTH FAIR OAKS LLC,PASADENA,91103,HEALTH EDUCATOR,38400,B,25001 to 50000
CAPITAL KOREAN PRESBYTERIAN CHURCH,EL DORADO HILLS,95762,MUSIC DIRECTOR,17760,A,0 to 25000
CAPITAL KOREAN PRESBYTERIAN CHURCH,EL DORADO HILLS,95762,MUSIC DIRECTOR,17760,A,0 to 25000
"L.A. CHINESE PINYIN TRAINING ACADEMY, INC.",TEMPLE CITY,91780,CHINESE LANGUAGE INSTRUCTOR,24000,A,0 to 25000
"LITTLE CHOPIN MUSIC SCHOOL, INC.",GARDEN GROVE,92843,MUSIC TEACHER,24336,A,0 to 25000
314E CORPORATION,FREMONT,94539,BUSINESS SYSTEMS ANALYST,70000,C,50001 to 100000
314E CORPORATION,FREMONT,94539,BUSINESS INTELLIGENCE SPECIALIST,92000,C,50001 to 100000
314E CORPORATION,FREMONT,94539,EPIC SPECIALIST,110000,D,100001 to 125000
314E CORPORATION,FREMONT,94539,EPIC SPECIALIST,110000,D,100001 to 125000
314E CORPORATION,FREMONT,94539,BUSINESS INTELLIGENCE SPECIALIST,110000,D,100001 to 125000
314E CORPORATION,FREMONT,94539,SENIOR EPIC SPECIALIST,125000,E,125001 to 150000
314E CORPORATION,FREMONT,94539,EHR INTERFACES PROJECT MANAGER,140000,E,125001 to 150000
360 DEGREE CUSTOMER INC,SAN JOSE,95134,SPEECH LANGUAGE PATHOLOGIST,75000,C,50001 to 100000
360 DEGREE CUSTOMER INC,SAN JOSE,95134,SPEECH LANGUAGE THERAPIST,75000,C,50001 to 100000
360 DEGREE CUSTOMER INC,SAN JOSE,95134,SPEECH LANGUAGE PATHOLOGIST,75000,C,50001 to 100000
"3CROWD TECHNOLOGIES, INC.",SAN MATEO,94403,SOFTWARE ENGINEER,135000,E,125001 to 150000
"3DI, INC.",BREA,92821,GIS PLATFORM MANAGER,79040,C,50001 to 100000
"3DI, INC.",BREA,92821,SIEBEL DEVELOPER,85000,C,50001 to 100000
3E COMPANY,CARLSBAD,92010,SENIOR REQUIREMENTS ANALYST,80000,C,50001 to 100000
3E COMPANY,CARLSBAD,92010,APPLICATIONS DEVELOPER,85000,C,50001 to 100000
"3K TECHNOLOGIES, LLC",MILPITAS,95035,COMPUTER PROGRAMMER,50000,C,50001 to 100000
"3K TECHNOLOGIES, LLC",MILPITAS,95035,QA ENGINEER,55500,C,50001 to 100000
"3K TECHNOLOGIES, LLC",MILPITAS,95035,QA ENGINEER,60000,C,50001 to 100000
"3K TECHNOLOGIES, LLC",MILPITAS,95035,DATABASE ADMINISTRATOR,60000,C,50001 to 100000
"3K TECHNOLOGIES, LLC",MILPITAS,95035,DATABASE ADMINISTRATOR,60000,C,50001 to 100000
"3K TECHNOLOGIES, LLC",MILPITAS,95035,PROGRAMMER ANALYST,62000,C,50001 to 100000
"3K TECHNOLOGIES, LLC",MILPITAS,95035,SOFTWARE QUALITY ASSURANCE ENGINEER,62000,C,50001 to 100000
"3K TECHNOLOGIES, LLC",MILPITAS,95035,COMPUTER PROGRAMMER,65000,C,50001 to 100000
"3K TECHNOLOGIES, LLC",MILPITAS,95035,PROGRAMMER ANALYST,65000,C,50001 to 100000
"3K TECHNOLOGIES, LLC",MILPITAS,95035,SYSTEMS ANALYST,84000,C,50001 to 100000
3PO INC.,SAN FRANCISCO,94105,JAVA PROGRAMMER,68000,C,50001 to 100000
"5.11, INC.",MODESTO,95356,PRODUCT DEVELOPMENT MANAGER,130048.83,E,125001 to 150000
"8X8, INC.",SUNNYVALE,94085,MOBILE DEVELOPER,85000,C,50001 to 100000
"8X8, INC.",SAN JOSE,95131,JAVA WEB DEVELOPER,90000,C,50001 to 100000
"8X8, INC.",SUNNYVALE,94085,SENIOR SOFTWARE ENGINEER,110000,D,100001 to 125000
"8X8, INC.",SAN JOSE,95131,SENIOR DIRECTOR OF ENGINEERING - APPLICATION DEVEL,133328,E,125001 to 150000
99 CENTS ONLY STORES,LOS ANGELES,90023,OPERATIONS RESEARCH ANALYST (IT)-LEVEL 2,82109.24,C,50001 to 100000
"A & S ELECTRONICS, INC.",MILPITAS,95035,DATABASE ADMINISTRATOR,59613,C,50001 to 100000
"A BETTER WAY, INC.",BERKELEY,94703,ACCOUNTANT,50000,C,50001 to 100000
"A10 NETWORKS, INC.",SAN JOSE,95134,NETWORK TEST ENGINEER (QA ENGINER),63000,C,50001 to 100000
A2Q2 CORPORATION,REDWOOD CITY,94065,ACCOUNTING AND AUDITING CONSULTANT,55370,C,50001 to 100000
A2Z DEVELOPMENT CENTER INC,CUPERTINO,95014,SOFTWARE DEVELOPMENT ENGINEER III,136000,E,125001 to 150000
A2Z DEVELOPMENT CENTER INC.,CUPERTINO,95014,SOFTWARE DEVELOPMENT ENGINEER,98000,C,50001 to 100000
"A2Z DEVELOPMENT CENTER, INC",IRVINE,92618,QUALITY ASSURANCE ENGINEER II,103800,D,100001 to 125000
"A2Z DEVELOPMENT CENTER, INC",SAN FRANCISCO,94111,SOFTWARE DEVELOPMENT ENGINEER I,115000,D,100001 to 125000
"A2Z DEVELOPMENT CENTER, INC.",CUPERTINO,95014,SOFTWARE QUALITY ASSURANCE ENGINEER,88000,C,50001 to 100000
"A2Z DEVELOPMENT CENTER, INC.",IRVINE,92618,QUALITY ASSURANCE MANAGER,95000,C,50001 to 100000
"A2Z DEVELOPMENT CENTER, INC.",IRVINE,92618,QUALITY ASSURANCE ENGINEER I,95000,C,50001 to 100000
"A2Z DEVELOPMENT CENTER, INC.",CUPERTINO,95014,OPERATIONS PROGRAM MANAGER,95100,C,50001 to 100000
"A2Z DEVELOPMENT CENTER, INC.",CUPERTINO,95014,OPERATIONS PROGRAM MANAGER,96300,C,50001 to 100000
"A2Z DEVELOPMENT CENTER, INC.",CUPERTINO,95014,SOFTWARE DEVELOPMENT ENGINEER IN TEST II,104500,D,100001 to 125000
"A2Z DEVELOPMENT CENTER, INC.",CUPERTINO,95014,COMPUTER-AIDED DESIGN (CAD) LAYOUT ENGINEER,105000,D,100001 to 125000
"A2Z DEVELOPMENT CENTER, INC.",CUPERTINO,95014,SOFTWARE DEVELOPMENT ENGINEER I,108000,D,100001 to 125000
"A2Z DEVELOPMENT CENTER, INC.",IRVINE,92618,QUALITY ASSURANCE ENGINEER,110000,D,100001 to 125000
"A2Z DEVELOPMENT CENTER, INC.",CUPERTINO,95014,SOFTWARE DEVELOPMENT ENGINEER IN TEST II,114600,D,100001 to 125000
"A2Z DEVELOPMENT CENTER, INC.",SAN FRANCISCO,94111,BUSINESS INTELLIGENCE ENGINEER II,120000,D,100001 to 125000
"A2Z DEVELOPMENT CENTER, INC.",SAN FRANCISCO,94111,QUALITY ASSURANCE ENGINEER,123000,D,100001 to 125000
"A2Z DEVELOPMENT CENTER, INC.",IRVINE,92618,SOLUTIONS ARCHITECT,125000,E,125001 to 150000
"A2Z DEVELOPMENT CENTER, INC.",CUPERTINO,95014,QUALITY ASSURANCE MANAGER,126250,E,125001 to 150000
"A2Z DEVELOPMENT CENTER, INC.",IRVINE,92618,SOFTWARE DEVELOPMENT ENGINEER II,127000,E,125001 to 150000
"A2Z DEVELOPMENT CENTER, INC.",CUPERTINO,95014,DISPLAY HARDWARE ENGINEER,127000,E,125001 to 150000
"A2Z DEVELOPMENT CENTER, INC.",SAN FRANCISCO,94111,QUALITY ASSURANCE ENGINEER,130000,E,125001 to 150000
"A2Z DEVELOPMENT CENTER, INC.",CUPERTINO,95014,SOFTWARE DEVELOPMENT ENGINEER II,130000,E,125001 to 150000
"A2Z DEVELOPMENT CENTER, INC.",CUPERTINO,95014,SOFTWARE DEVELOPMENT ENGINEER III,130000,E,125001 to 150000
"A2Z DEVELOPMENT CENTER, INC.",CUPERTINO,950140,SOFTWARE DEVELOPMENT ENGINEER III,134000,E,125001 to 150000
"A2Z DEVELOPMENT CENTER, INC.",IRVINE,92618,SOFTWARE DEVELOPMENT ENGINEER III,134071,E,125001 to 150000
"A2Z DEVELOPMENT CENTER, INC.",SAN FRANCISCO,94111,SOFTWARE DEVELOPMENT ENGINEER II,134750,E,125001 to 150000
"A2Z DEVELOPMENT CENTER, INC.",CUPERTINO,95014,SOFTWARE DEVELOPMENT ENGINEER IN TEST II,135000,E,125001 to 150000
"A2Z DEVELOPMENT CENTER, INC.",CUPERTINO,95014,SOFTWARE DEVELOPMENT ENGINEER IN TEST II,135000,E,125001 to 150000
"A2Z DEVELOPMENT CENTER, INC.",CUPERTINO,95014,SENIOR SOFTWARE DEVELOPMENT ENGINEER,135000,E,125001 to 150000
"A2Z DEVELOPMENT CENTER, INC.",CUPERTINO,95014,HARDWARE DEVELOPMENT ENGINEER III,139000,E,125001 to 150000
"A2Z DEVELOPMENT CENTER, INC.",SAN FRANCISCO,94111,QUALITY ASSURANCE MANAGER,140000,E,125001 to 150000
"A2Z DEVELOPMENT CENTER, INC.",SAN FRANCISCO,94111,IOS DEVELOPER,140000,E,125001 to 150000
"A2Z DEVELOPMENT CENTER, INC.",CUPERTINO,95014,HARDWARE DEVELOPMENT ENGINEER III,144900,E,125001 to 150000
"A2Z DEVELOPMENT CENTER, INC.",SAN FRANCISCO,94111,SOFTWARE DEVELOPMENT ENGINEER I,145000,E,125001 to 150000
"A2Z DEVELOPMENT CENTER, INC.",CUPERTINO,95014,SOFTWARE DEVELOPMENT ENGINEER II,145000,E,125001 to 150000
"A2Z DEVELOPMENT CENTER, INC.",CUPERTINO,95014,SENIOR RADIO FREQUENCY DESIGN ENGINEER,145000,E,125001 to 150000
"A2Z DEVELOPMENT CENTER, INC.",CUPERTINO,95014,SOFTWARE DEVELOPMENT ENGINEER III,150000,F,150001 to 175000
"A2Z DEVELOPMENT CENTER, INC.",CUPERTINO,95014,SOFTWARE DEVELOPMENT ENGINEER II,150000,F,150001 to 175000
"A2Z DEVELOPMENT CENTER, INC.",CUPERTINO,95014,HARDWARE DEVELOPMENT ENGINEER III,159000,F,150001 to 175000
"A2Z DEVELOPMENT CENTER, INC.",SAN FRANCISCO,94111,SOFTWARE DEVELOPMENT MANAGER,170000,F,150001 to 175000
"A2Z DEVELOPMENT CENTER, INC. D/B/A LAB126",CUPERTINO,95014,QUALITY ASSURANCE ENGINEER II,99400,C,50001 to 100000
"A2Z DEVELOPMENT CENTER, INC. D/B/A LAB126",CUPERTINO,95014,SOFTWARE QUALITY ASSURANCE ENGINEER,115000,D,100001 to 125000
"A2Z DEVELOPMENT CENTER, INC. D/B/A LAB126",CUPERTINO,95014,SOFTWARE DEVELOPMENT ENGINEER I,118000,D,100001 to 125000
"A2Z DEVELOPMENT CENTER, INC. D/B/A LAB126",CUPERTINO,95014,SENIOR SOFTWARE QUALITY ASSURANCE ENGINEER,125000,E,125001 to 150000
"A9.COM, INC.",PALO ALTO,94301,SOFTWARE DEVELOPMENT ENGINEER,103000,D,100001 to 125000
"A9.COM, INC.",PALO ALTO,94301,SOFTWARE DEVELOPMENT ENGINEER I,115000,D,100001 to 125000
"A9.COM, INC.",PALO ALTO,94301,SOFTWARE DEVELOPMENT ENGINEER I,115000,D,100001 to 125000
"A9.COM, INC.",PALO ALTO,94301,SOFTWARE DEVELOPMENT ENGINEER,120000,D,100001 to 125000
"A9.COM, INC.",PALO ALTO,94301,SENIOR PRODUCT MANAGER,140000,E,125001 to 150000
"AAA NORTHERN CALIFORNIA, NEVADA & UTAH INSURANCE E",WALNUT CREEK,94597,BUSINESS SYSTEMS ANALYST III,74100,C,50001 to 100000
"AAA NORTHERN CALIFORNIA, NEVADA & UTAH INSURANCE E",WALNUT CREEK,94597,APPLICATIONS DEVELOPER III,79400,C,50001 to 100000
"AAA NORTHERN CALIFORNIA, NEVADA & UTAH INSURANCE E",WALNUT CREEK,94597,APPLICATIONS DEVELOPER IV,96200,C,50001 to 100000
"AAA NORTHERN CALIFORNIA, NEVADA & UTAH INSURANCE E",WALNUT CREEK,94597,APPLICATIONS DEVELOPER V,99200,C,50001 to 100000
"AAA NORTHERN CALIFORNIA, NEVADA & UTAH INSURANCE E",WALNUT CREEK,94597,SOLUTIONS ARCHITECT V,110100,D,100001 to 125000
"AAA NORTHERN CALIFORNIA, NEVADA &AMP; UTAH INSURAN",WALNUT CREEK,94597,REGIONAL PROPERTY PRODUCT MANAGER,86600,C,50001 to 100000
AAAZA INC,LOS ANGELES,90010,GRAPHIC DESIGNER,33093,B,25001 to 50000
"AARKI, INC",SUNNYVALE,94085,SOFTWARE ENGINEER,56000,C,50001 to 100000
AAXIS GROUP CORPORATION,LOS ANGELES,90067,SENIOR SOFTWARE ENGINEER,105000,D,100001 to 125000
"ABACAB SOFTWARE, INC.",SANTA CLARA,95051,COMPUTER PROGRAMMER,72976,C,50001 to 100000
"ABACAB SOFTWARE, INC.",SANTA CLARA,95051,COMPUTER PROGRAMMER,73200,C,50001 to 100000
"ABACAB SOFTWARE, INC.",SANTA CLARA,95051,COMPUTER PROGRAMMER,73200,C,50001 to 100000
"ABACAB SOFTWARE, INC.",SANTA CLARA,95051,COMPUTER PROGRAMMER,88000,C,50001 to 100000
"ABARIS, INC.",IRVINE,92618,PROGRAMMER ANALYST,65000,C,50001 to 100000
ABC CPAS,LOS ANGELES,90010,ACCOUNTANT,54000,C,50001 to 100000
ABC CPAS,LOS ANGELES,90010,ACCOUNTANT,54000,C,50001 to 100000
"ABS-CBN INTERNATIONAL, INC.",REDWOOD CITY,94065,COMPUTER PROGRAMMER,65541,C,50001 to 100000
"ABS-CBN INTERNATIONAL, INC.",REDWOOD CITY,94065,COMPUTER PROGRAMMER,65541,C,50001 to 100000
"ABS-CBN INTERNATIONAL, INC.",REDWOOD CITY,94065,COMPUTER PROGRAMMER,65541,C,50001 to 100000
"ABSOLUTDATA TECHNOLOGIES, INC.",ALAMEDA,94502,SENIOR ANALYST,60000,C,50001 to 100000
"ABSOLUTDATA TECHNOLOGIES, INC.",ALAMEDA,94502,SENIOR ANALYST,60000,C,50001 to 100000
"ABV ELECTRONICS, INC.",FREMONT,94538,ELECTRICAL ENGINEER,63400,C,50001 to 100000
"ABV ELECTRONICS, INC.",FREMONT,94538,PROGRAMMER ANALYST,131250,E,125001 to 150000
"ACCEL NORTH AMERICA, INC.",SANTA CLARA,95051,SOFTWARE ENGINEER,72000,C,50001 to 100000
"ACCEL NORTH AMERICA, INC.",SANTA CLARA,95051,SOFTWARE ENGINEER,83075,C,50001 to 100000
"ACCEL NORTH AMERICA, INC.",SANTA CLARA,95051,DESIGN ENGINEER,96000,C,50001 to 100000
"ACCELERA MOBILE BROADBAND, INC.",SANTA CLARA,95054,SENIOR SOFTWARE DESIGN ENGINEER,103709,D,100001 to 125000
ACCELERATOR MEDIA LLC,SAN FRANCISCO,94129,HEAD OF CONSUMER MARKETING,150000,F,150001 to 175000
"ACCELOPS, INC.",SANTA CLARA,95054,SENIOR SOFTWARE ENGINEER,130000,E,125001 to 150000
"ACCESS SOFTEK, INC.",BERKELEY,94710,SOFTWARE ENGINEER,85571,C,50001 to 100000
"ACCESS SOFTEK, INC.",BERKELEY,94710,SOFTWARE ENGINEER,87402,C,50001 to 100000
ACCLAIM GUARD SERVICES INC,ANAHEIM,92807,ACCOUNTANT,55000,C,50001 to 100000
ACCLAIM GUARD SERVICES INC,ANAHEIM,92807,ACCOUNTANT,55000,C,50001 to 100000
ACCLAIM GUARD SERVICES INC,ANAHEIM,92807,ACCOUNTANT,55000,C,50001 to 100000
"ACCRETIVE SOLUTIONS - NORTHERN CALIFORNIA, INC.",MOUNTAIN VIEW,94040,ERP PROGRAM MANAGER,160000,F,150001 to 175000
ACCURAY INCORPORATED,SUNNYVALE,94089,IT PROJECT MANAGER,105000,D,100001 to 125000
ACCURAY INCORPORATED,SUNNYVALE,94089,SOFTWARE QA ENGINEER III,111072,D,100001 to 125000
"ACCURAY, INC.",SUNNYVALE,94089,DYNAMIC AX DEVELOPER,110000,D,100001 to 125000
"ACE INDUSTRIES, INC.",CHULA VISTA,91911,MECHANICAL ENGINEER,57699,C,50001 to 100000
"ACE METRIX, INC.",EL SEGUNDO,90245,SOFTWARE ENGINEER,80000,C,50001 to 100000
ACER AMERICA CORPORATION,SAN JOSE,95110,PRODUCT MARKETING MANAGER (MARKET RESEARCH ANALYST,75000,C,50001 to 100000
ACHIEVE INTERNET,SAN DIEGO,92109,COMPUTER SYSTEMS ANALYST,77000,C,50001 to 100000
ACHRONIX SEMICONDUCTOR CORPORATION,SANTA CLARA,95054,DESIGN ENGINEER (TECHNICAL LEAD),120000,D,100001 to 125000
"ACIONYX, INC",CUPERTINO,95014,SOFTWARE TEST ENGINEER,90000,C,50001 to 100000
ACNE MEDIA INC.,VENICE,90291,JUNIOR INTERACTIVE DESIGNER/DEVELOPER,60000,C,50001 to 100000
ACNOVATE CORPORATION,SANTA CLARA,95054,FUNCTIONAL CONSULTANT,68000,C,50001 to 100000
ACNOVATE CORPORATION,SANTA CLARA,95054,PLM ANALYST,68000,C,50001 to 100000
ACNOVATE CORPORATION,SANTA CLARA,95054,I.T. ARCHITECT,83000,C,50001 to 100000
ACNT.COM. INC,BREA,92821,NETWORK SYSTEMS AND DATA ADMINISTRATOR,55000,C,50001 to 100000
ACNT.COM. INC,BREA,92821,NETWORK SYSTEMS AND DATA ADMINISTRATOR,55000,C,50001 to 100000
"ACOM SOLUTIONS, INC.",LONG BEACH,90806-2313,SENIOR COMPUTER SYSTEMS ANALYST,725000,K,500001 to 1000000
"ACOMES, INC.",HAWTHORNE,90250,WEB DESIGNER,33093,B,25001 to 50000
"ACOMES, INC.",HAWTHORNE,90250,WEB DESIGNER,33093,B,25001 to 50000
ACREE TECHNOLOGIES INC.,CONCORD,94520,SENIOR SCIENTIST,90000,C,50001 to 100000
ACROPETAL INC.,SAN FRANCISCO,94111-3812,PROGRAMMER ANALYST,60000,C,50001 to 100000
ACROPETAL INC.,SAN FRANCISCO,94111-3812,PROGRAMMER ANALYST,60000,C,50001 to 100000
ACROPETAL INC.,SAN FRANCISCO,94111-3812,PROGRAMMER ANALYST,69867,C,50001 to 100000
ACROPETAL INC.,SAN FRANCISCO,94111-3812,DATABASE ANANLYST,90000,C,50001 to 100000
ACROPETAL INC.,SAN FRANCISCO,94111-3812,DATABASE ADMINISTRATOR/ANALYST,90000,C,50001 to 100000
ACROPETAL INC.,SAN FRANCISCO,94111-3812,PROGRAMMER ANALYST,90000,C,50001 to 100000
ACROPETAL INC.,SAN FRANCISCO,94111-3812,DATABASE ADMINISTRATOR/ANALYST,90000,C,50001 to 100000
ACROPETAL INC.,SAN FRANCISCO,94111-3812,PROGRAMMER ANALYST,90000,C,50001 to 100000
ACROPETAL INC.,SAN FRANCISCO,94111-3812,PROGRAMMER ANALYST,98000,C,50001 to 100000
ACROPETAL INC.,SAN FRANCISCO,94111-3812,SOFTWARE QUALITY ENGINEER,110000,D,100001 to 125000
ACROPETAL INC.,SAN FRANCISCO,94111-3812,PROGRAMMER ANALYST,120000,D,100001 to 125000
"ACROPETAL, INC.",SAN FRANCISCO,94111,PROGRAMMER ANALYST,65541,C,50001 to 100000
"ACROPOINT, INC.",IRVINE,92614,RESEARCH ASSOCIATE,40726,B,25001 to 50000
"ACROPOINT, INC.",IRVINE,92614,RESEARCH ASSOCIATE,40726,B,25001 to 50000
"ACROSS SYSTEMS, INC.",GLENDALE,91203,INT . BUSINESS TRAINING AND DEVELOPMENT SPECIALIST,92400,C,50001 to 100000
"ACROSS SYSTEMS, INC.",GLENDALE,91203,INT. BUSINESS TRAINING AND DEVELOPMENT SPECIALIST,92400,C,50001 to 100000
ACTEL CORPORATION,SAN JOSE,95134,CHARACTERIZATION ENGINEER,105000,D,100001 to 125000
ACTIAN CORPORATION,REDWOOD CITY,94063,SENIOR JAVA ENGINEER,122200,D,100001 to 125000
"ACTIANCE, INC.",BELMONT,94002,NETWORK OPERATIONS MANAGER,115000,D,100001 to 125000
"ACTIONTEC ELECTRONICS, INC.",SUNNYVALE,94085,ELECTRICAL ENGINEER,90000,C,50001 to 100000
"ACTIONTEC ELECTRONICS, INC.",SUNNYVALE,94085,SOFTWARE ENGINEER,105000,D,100001 to 125000
ACTIUM CONSULTING INC.,EL DORADO HILLS,95762,SR. JAVA DEVELOPER,90000,C,50001 to 100000
ACTIUM CONSULTING INC.,EL DORADO HILLS,95762,GENESYS SOFTWARE APPLICATIONS SPECIALIST,95000,C,50001 to 100000
ACTIVE LIFE REHAB INC,CARLSBAD,92008,OCCUPATIONAL THERAPIST,63794,C,50001 to 100000
"ACTIVE SINGLES, LLC",BEVERLY HILLS,90212,CHIEF OPERATIONS OFFICER,166910,F,150001 to 175000
"ACTIVE STORAGE, INC.",TORRANCE,90501,SENIOR SOFTWARE ENGINEER,120000,D,100001 to 125000
"ACTIVE STORAGE, INC.",TORRANCE,90501,STAFF SOFTWARE ENGINEER,145000,E,125001 to 150000
"ACTIVE USA, INC.",LOS ANGELES,90058,MARKET RESEARCH ANALYST,90000,C,50001 to 100000
"ACTIVISION PUBLISHING, INC.",SANTA MONICA,90405,DESIGN SPECIALIST,51500,C,50001 to 100000
"ACTIVISION PUBLISHING, INC.",SANTA MONICA,90405,SENIOR SUPPLY CHAIN ANALYST,70000,C,50001 to 100000
"ACTIVISION PUBLISHING, INC.",SANTA MONICA,90405,SOFTWARE ENGINEER,78000,C,50001 to 100000
"ACTIVISION PUBLISHING, INC.",SANTA MONICA,90405,TIBCO DEVELOPER,90000,C,50001 to 100000
"ACTIVISION PUBLISHING, INC.",SANTA MONICA,90405,SENIOR ENGINE PROGRAMMER,105000,D,100001 to 125000
"ACTIVISION PUBLISHING, INC.",SANTA MONICA,90405,SENIOR ENGINE PROGRAMMER,105000,D,100001 to 125000
"ACTIVISION PUBLISHING, INC.",SANTA MONICA,90405,SOFTWARE ENGINEER,110000,D,100001 to 125000
"ACTIVISION PUBLISHING, INC.",SANTA MONICA,90405,SALES AND SUPPLY CHAIN BI ANALYST,115000,D,100001 to 125000
"ACTIVISION PUBLISHING, INC.",SANTA MONICA,90405,SR. ORACLE APPLICATIONS DATABASE ADMINISTRATOR,116000,D,100001 to 125000
"ACTIVISION PUBLISHING, INC.",SANTA MONICA,90405,PRINCIPAL PROGRAMMER,165000,F,150001 to 175000
"ACTMOBILE, INC.",PLEASANTON,94566,TEST AUTOMATION & SOFTWARE RELEASE MANAGER,116355,D,100001 to 125000
"ACTUARIAL CONSULTANTS, INC.",TORRANCE,90501,"LEAD ADMINISTRATOR, MANAGER",84000,C,50001 to 100000
ACTUARIAL SYSTEMS CORPORATION,TARZANA,91356,STAFF ACCOUNTANT,50000,C,50001 to 100000
ACTUATE CORPORATION,SAN MATEO,94404,APPLICATIONS DEVELOPER,105000,D,100001 to 125000
ACTUATE CORPORATION,SAN MATEO,94404,CONSULTANT,106500,D,100001 to 125000
ACTUATE CORPORATION,SAN MATEO,94404,MANAGING CONSULTANT,126500,E,125001 to 150000
ADAGESOFT CORPORATION,SAN RAMON,94583,SOFTWARE ENGINEER,72000,C,50001 to 100000
ADAGESOFT CORPORATION,SAN RAMON,94583,SENIOR SOFTWARE ENGINEER,90000,C,50001 to 100000
"ADAP.TV, INC.",SAN MATEO,94403,SENIOR SOFTWARE ENGINEER,92019,C,50001 to 100000
"ADAP.TV, INC.",SAN MATEO,94403,SOFTWARE ENGINEER,112000,D,100001 to 125000
"ADAP.TV, INC.",SAN MATEO,94403,SOFTWARE ENGINEER,112000,D,100001 to 125000
"ADAPTIVE PLANNING, INC.",MOUNTAIN VIEW,94043,SOFTWARE ENGINEER,101000,D,100001 to 125000
"ADAPTIVE SPECTRUM AND SIGNAL ALIGNMENT, INC.",REDWOOD CITY,94065,IT ADMINISTRATOR,82500,C,50001 to 100000
"ADAPTIVE SPECTRUM AND SIGNAL ALIGNMENT, INC.",REDWOOD CITY,94065,SOFTWARE ENGINEER IN TEST,92457,C,50001 to 100000
"ADARA NETWORKS, INC.",SAN JOSE,95131,SOFTWARE ENGINEER,105000,D,100001 to 125000
"ADBRITE, INC.",SAN FRANCISCO,94103,TRUST AND SAFETY ANALYST,53000,C,50001 to 100000
"ADCHEMY, INC.",FOSTER CITY,94404,GRAPHIC DESIGNER,81702,C,50001 to 100000
ADCONION PLATFORM SERVICES LLC,SANTA MONICA,90404,SENIOR SYSTEMS ADMINISTRATOR,105000,D,100001 to 125000
ADCONION PLATFORM SERVICES LLC,SANTA MONICA,90404,SOFTWARE ENGINEER,121000,D,100001 to 125000
ADCONION PLATFORM SERVICES LLC,SANTA MONICA,90404,"SENIOR DIRECTOR, PLANNING",177500,G,175001 to 200000
"ADDEPAR, INC.",MOUNTAIN VIEW,94043,SOFTWARE ENGINEER,83000,C,50001 to 100000
"ADDEPAR, INC.",MOUNTAIN VIEW,94043,DIRECTOR OF INFORMATION SECURITY,142000,E,125001 to 150000
"ADDSCAPE, INC.",LOS ANGELES,90047,ACCOUNTANT,47840,B,25001 to 50000
"ADEPT TECHNOLOGY, INC.",PLEASANTON,94588,SOFTWARE ENGINEER,85509,C,50001 to 100000
ADERANS AMERICA HOLDINGS INC.,BEVERLY HILLS,90212,ATTORNEY,90813,C,50001 to 100000
"ADESSO, INC.",WALNUT,91748,TECHNICAL SUPPORT SPECIALIST,45000,B,25001 to 50000
ADESTO TECHNOLOGIES CORPORATION,SUNNYVALE,94089,MEMBER OF TECHNICAL STAFF,98000,C,50001 to 100000
ADESTO TECHNOLOGIES CORPORATION,SUNNYVALE,94089,SENIOR PRODUCT ENGINEER,102000,D,100001 to 125000
"ADI STRATEGIES, INC.",SAN FRANCISCO,94104,OPERATIONS RESEARCH ANALYST,95000,C,50001 to 100000
"ADI STRATEGIES, INC.",SAN FRANCISCO,94104,SOFTWARE DEVELOPER,95000,C,50001 to 100000
"ADI STRATEGIES, INC.",SAN FRANCISCO,94104,SENIOR OPERATIONS RESEARCH ANALYST,120000,D,100001 to 125000
"ADITAZZ, INC.",SAN BRUNO,94066,MEMBER OF TECHNICAL STAFF,140000,E,125001 to 150000
"ADMARVEL, INC.",SAN MATEO,94402,CONSUMER MOBILE PROJECT MANAGER,60000,C,50001 to 100000
"ADMARVEL, INC.",SAN MATEO,94402,CONSUMER MOBILE PROJECT MANAGER,60000,C,50001 to 100000
ADOBE SYSTEMS INC.,SAN JOSE,95110,QUALITY ASSURANCE LEAD ENGINEER,83000,C,50001 to 100000
ADOBE SYSTEMS INC.,SAN JOSE,95110,ENGINEERING SERVICES CONSULTANT,87856,C,50001 to 100000
ADOBE SYSTEMS INC.,SAN JOSE,95110,"SOFTWARE ENGINEER, DIGITAL ASSET MARKET",88000,C,50001 to 100000
ADOBE SYSTEMS INC.,SAN JOSE,95110,WHITE BOX QUALITY ENGINEER,90000,C,50001 to 100000
ADOBE SYSTEMS INC.,SAN JOSE,95110,SERVICES AND TRAINING MANAGER,98500,C,50001 to 100000
ADOBE SYSTEMS INC.,SAN JOSE,95110,SENIOR CONSULTANT,105787,D,100001 to 125000
ADOBE SYSTEMS INC.,SAN JOSE,95110,SENIOR CONSULTANT,105787,D,100001 to 125000
ADOBE SYSTEMS INC.,SAN JOSE,95110,SENIOR SYSTEMS ENGINEER,114000,D,100001 to 125000
ADOBE SYSTEMS INC.,SAN JOSE,95110,COMPUTER SCIENTIST,115000,D,100001 to 125000
ADOBE SYSTEMS INC.,SAN JOSE,95110,PRODUCT MANAGER,120000,D,100001 to 125000
ADOBE SYSTEMS INC.,SAN JOSE,95110,SENIOR COMPUTER SCIENTIST,140000,E,125001 to 150000
ADOBE SYSTEMS INC.,SAN JOSE,95110,"SENIOR MANAGER, EVANGELISM",141722.7,E,125001 to 150000
ADOBE SYSTEMS INC.,SAN JOSE,95110,EXPERIENCE ARCHITECT,151833,F,150001 to 175000
ADOBE SYSTEMS INC.,SAN JOSE,95110,"SENIOR MANAGER, EVANGELISM",170067,F,150001 to 175000
ADOBE SYSTEMS INCORPORATED,SAN JOSE,95110,PROJECT ADMIN DATA ANALYST,77000,C,50001 to 100000
ADOBE SYSTEMS INCORPORATED,SAN JOSE,95110,NETWORK ENGINEER,85000,C,50001 to 100000
ADOBE SYSTEMS INCORPORATED,SAN JOSE,95110,"QE DEVELOPER - LANGUAGES, COMPILERS & VIRTUAL MACH",88000,C,50001 to 100000
ADOBE SYSTEMS INCORPORATED,SAN JOSE,95110,BUSINESS CONSULTANT,89250,C,50001 to 100000
ADOBE SYSTEMS INCORPORATED,SAN JOSE,95110,ASSOCIATE BUSINESS SOLUTIONS ANALYST,90000,C,50001 to 100000
ADOBE SYSTEMS INCORPORATED,SAN JOSE,95110,COMPUTER SCIENTIST,90001,C,50001 to 100000
ADOBE SYSTEMS INCORPORATED,SAN JOSE,95110,COMPUTER SCIENTIST,93000,C,50001 to 100000
ADOBE SYSTEMS INCORPORATED,SAN JOSE,95110,"SOFTWARE ENGINEER, REST API'S",95000,C,50001 to 100000
ADOBE SYSTEMS INCORPORATED,SAN JOSE,95110,QA ENGINEER,95000,C,50001 to 100000
ADOBE SYSTEMS INCORPORATED,SAN JOSE,95110,MEMBER OF TECHNICAL STAFF/COMPUTER SCIENTIST,104000,D,100001 to 125000
ADOBE SYSTEMS INCORPORATED,SAN JOSE,95110,EXPERIENCE DESIGNER,105000,D,100001 to 125000
ADOBE SYSTEMS INCORPORATED,SAN JOSE,95110,SOFTWARE ENGINEER,110000,D,100001 to 125000
ADOBE SYSTEMS INCORPORATED,SAN JOSE,95110,SOFTWARE ENGINEER,110000,D,100001 to 125000
ADOBE SYSTEMS INCORPORATED,SAN JOSE,95110,PROGRAM MANAGER,110089.8,D,100001 to 125000
ADOBE SYSTEMS INCORPORATED,SAN JOSE,95110,COMPUTER SCIENTIST/DIGITAL ARTIST,112350,D,100001 to 125000
ADOBE SYSTEMS INCORPORATED,SAN JOSE,95110,COMPUTER SCIENTIST,115000,D,100001 to 125000
ADOBE SYSTEMS INCORPORATED,SAN JOSE,95110,SENIOR SAP BW DEVELOPER,120000,D,100001 to 125000
ADOBE SYSTEMS INCORPORATED,SAN JOSE,95110,SENIOR EXPERIENCE DESIGNER,120000,D,100001 to 125000
ADOBE SYSTEMS INCORPORATED,SAN JOSE,95110,"SOFTWARE QUALITY DEVELOPER, DIGITAL PUBLISHING SER",120000,D,100001 to 125000
ADOBE SYSTEMS INCORPORATED,SAN JOSE,95110,SOLUTION ARCHITECT,120000,D,100001 to 125000
ADOBE SYSTEMS INCORPORATED,SAN JOSE,95110,SENIOR BUSINESS INTELLIGENCE ENGINEER,120000,D,100001 to 125000
ADOBE SYSTEMS INCORPORATED,SAN JOSE,95110,SENIOR SAP BW DEVELOPER,120000,D,100001 to 125000
ADOBE SYSTEMS INCORPORATED,SAN JOSE,95110,MDM ENGINEER,125000,E,125001 to 150000
ADOBE SYSTEMS INCORPORATED,SAN JOSE,95110,SENIOR HANA MODELER,125000,E,125001 to 150000
ADOBE SYSTEMS INCORPORATED,SAN JOSE,95110,SENIOR BUSINESS SOLUTIONS ANALYST - BUSINESS INTEL,125400,E,125001 to 150000
ADOBE SYSTEMS INCORPORATED,SAN JOSE,95110,STATISTICIAN/ALGORITHMS ENGINEER,130000,E,125001 to 150000
ADOBE SYSTEMS INCORPORATED,SAN JOSE,95110,PROGRAM MANAGER IT COMPLIANCE,132800,E,125001 to 150000
ADOBE SYSTEMS INCORPORATED,SAN JOSE,95110,"COMPUTER SCIENTIST, CORE TECHNOLOGY GROUP",133500,E,125001 to 150000
ADOBE SYSTEMS INCORPORATED,SAN JOSE,95110,COMPUTER SCIENTIST,140000,E,125001 to 150000
ADOBE SYSTEMS INCORPORATED,SAN JOSE,95110,SENIOR SOFTWARE ENGINEER,145000,E,125001 to 150000
ADOBE SYSTEMS INCORPORATED,SAN JOSE,95110,"SENIOR MANAGER, BUSINESS MODEL STRATEGY",155000,F,150001 to 175000
"ADURA TECHNOLOGIES, INC.",SAN FRANCISCO,94103-3175,SENIOR WIRELESS ELECTRICAL ENGINEER,85000,C,50001 to 100000
ADVANCED BIONICS LLC,VALENCIA,91355,STAFF ACCOUNTANT,60000,C,50001 to 100000
ADVANCED BIONICS LLC,VALENCIA,91355,SENIOR ACCOUNTANT,73000,C,50001 to 100000
ADVANCED BIONICS LLC,VALENCIA,91355,SR. DSP ENGINEER,87000,C,50001 to 100000
ADVANCED BIONICS LLC,VALENCIA,91355,SENIOR PROCESS ENGINEER,88000,C,50001 to 100000
"ADVANCED DENTAL TECHNOLOGIES, A NOVADENT COMPANY",ROSEVILLE,95678,MASTER DENTAL TECHNICIAN,60000,C,50001 to 100000
"ADVANCED ION BEAM TECHNOLOGY, INC.",FREMONT,94538,SYSTEM ANALYST,55619,C,50001 to 100000
"ADVANCED METAL SOLUTIONS, INC.",SUNNYVALE,94089,PROGRAMMER ANALYST,144000,E,125001 to 150000
"ADVANCED MICRO DEVICES, INC",SUNNYVALE,94088,SENIOR DESIGN ENGINEER,94432,C,50001 to 100000
"ADVANCED MICRO DEVICES, INC.",SUNNYVALE,94088,SENIOR FINANCIAL ANALYST,62000,C,50001 to 100000
"ADVANCED MICRO DEVICES, INC.",SUNNYVALE,94088-3453,SOFTWARE DEVELOPMENT ENGINEER 2,64800,C,50001 to 100000
"ADVANCED MICRO DEVICES, INC.",SUNNYVALE,94088,DESIGN ENGINEER 2,67725,C,50001 to 100000
"ADVANCED MICRO DEVICES, INC.",SUNNYVALE,94088,PRODUCT DEVELOPMENT ENGINEER 2,72615,C,50001 to 100000
"ADVANCED MICRO DEVICES, INC.",SUNNYVALE,94088-3453,DESIGN ENGINEER 2,72930,C,50001 to 100000
"ADVANCED MICRO DEVICES, INC.",SUNNYVALE,94088,ASIC/LAYOUT DESIGN ENGINEER 2,73174,C,50001 to 100000
"ADVANCED MICRO DEVICES, INC.",SUNNYVALE,94088,ASIC/LAYOUT DESIGN ENGINEER 2,73174,C,50001 to 100000
"ADVANCED MICRO DEVICES, INC.",SUNNYVALE,94088,DESIGN ENGINEER 2,74464,C,50001 to 100000
"ADVANCED MICRO DEVICES, INC.",SUNNYVALE,94088,PRODUCT DEVELOPMENT ENGINEER 2,76149,C,50001 to 100000
"ADVANCED MICRO DEVICES, INC.",SUNNYVALE,94088-3453,DESIGN ENGINEER 2,76149,C,50001 to 100000
"ADVANCED MICRO DEVICES, INC.",SUNNYVALE,94088,DESIGN ENGINEER II,78437,C,50001 to 100000
"ADVANCED MICRO DEVICES, INC.",SUNNYVALE,94088,DESIGN ENGINEER 2,78437,C,50001 to 100000
"ADVANCED MICRO DEVICES, INC.",SUNNYVALE,94088,DESIGN ENGINEER 2,78578,C,50001 to 100000
"ADVANCED MICRO DEVICES, INC.",SUNNYVALE,94088,SENIOR DESIGN ENGINEER,81600,C,50001 to 100000
"ADVANCED MICRO DEVICES, INC.",SUNNYVALE,94088,DESIGN ENGINEER 2,82370,C,50001 to 100000
"ADVANCED MICRO DEVICES, INC.",SUNNYVALE,94088,DESIGN ENGINEER 2,82414,C,50001 to 100000
"ADVANCED MICRO DEVICES, INC.",SUNNYVALE,94088,SENIOR DESIGN ENGINEER,82414,C,50001 to 100000
"ADVANCED MICRO DEVICES, INC.",SUNNYVALE,94088,SENIOR DESIGN ENGINEER,82414,C,50001 to 100000
"ADVANCED MICRO DEVICES, INC.",SUNNYVALE,94088,SENIOR SYSTEMS ENGINEER,84406,C,50001 to 100000
"ADVANCED MICRO DEVICES, INC.",SUNNYVALE,94088-3453,SENIOR ASIC / LAYOUT DESIGN ENGINEER,84800,C,50001 to 100000
"ADVANCED MICRO DEVICES, INC.",SUNNYVALE,94088,SENIOR DESIGN ENGINEER,89600,C,50001 to 100000
"ADVANCED MICRO DEVICES, INC.",SUNNYVALE,94088,SENIOR DESIGN ENGINEER,89606,C,50001 to 100000
"ADVANCED MICRO DEVICES, INC.",SUNNYVALE,94088,SENIOR SOFTWARE DEVELOPMENT ENGINEER,89606,C,50001 to 100000
"ADVANCED MICRO DEVICES, INC.",SUNNYVALE,94088,SENIOR PRODUCT DEVELOPMENT ENGINEER,89606,C,50001 to 100000
"ADVANCED MICRO DEVICES, INC.",SUNNYVALE,94088-3453,SENIOR DESIGN ENGINEER,89606,C,50001 to 100000
"ADVANCED MICRO DEVICES, INC.",SUNNYVALE,94088,SENIOR DESIGN ENGINEER,89606,C,50001 to 100000
"ADVANCED MICRO DEVICES, INC.",SUNNYVALE,94088,SENIOR SOFTWARE DEVELOPMENT ENGINEER,89606,C,50001 to 100000
"ADVANCED MICRO DEVICES, INC.",SUNNYVALE,94088-3453,SENIOR PRODUCT DEVELOPMENT ENGINEER,89606,C,50001 to 100000
"ADVANCED MICRO DEVICES, INC.",SUNNYVALE,94088,SENIOR DESIGN ENGINEER,90657,C,50001 to 100000
"ADVANCED MICRO DEVICES, INC.",SUNNYVALE,94088,SENIOR PRODUCT DEVELOPMENT ENGINEER,91125,C,50001 to 100000
"ADVANCED MICRO DEVICES, INC.",SUNNYVALE,94088-3453,SENIOR ASIC / LAYOUT DESIGN ENGINEER,91936,C,50001 to 100000
"ADVANCED MICRO DEVICES, INC.",SUNNYVALE,94088,MEMBER OF TECHNICAL STAFF PRODUCT DEVELOPMENT ENGI,92000,C,50001 to 100000
"ADVANCED MICRO DEVICES, INC.",SUNNYVALE,94088,SENIOR DESIGN ENGINEER,94432,C,50001 to 100000
"ADVANCED MICRO DEVICES, INC.",SUNNYVALE,94088-3453,MEMBER OF TECHNICAL STAFF SOFTWARE DEVELOPMENT ENG,96000,C,50001 to 100000
"ADVANCED MICRO DEVICES, INC.",SUNNYVALE,94088,MTS SOFTWARE DEVELOPMENT ENGINEER,96000,C,50001 to 100000
"ADVANCED MICRO DEVICES, INC.",SUNNYVALE,94088-3453,SENIOR SOFTWARE DEVELOPMENT ENGINEER,96000,C,50001 to 100000
"ADVANCED MICRO DEVICES, INC.",SUNNYVALE,94088,MTS SOFTWARE DEVELOPMENT ENGINEER,96000,C,50001 to 100000
"ADVANCED MICRO DEVICES, INC.",SUNNYVALE,94088-3453,SENIOR SOFTWARE DEVELOPMENT ENGINEER,96000,C,50001 to 100000
"ADVANCED MICRO DEVICES, INC.",SUNNYVALE,94088-3453,SENIOR SOFTWARE DEVELOPMENT ENGINEER,96000,C,50001 to 100000
"ADVANCED MICRO DEVICES, INC.",SUNNYVALE,94088-3453,SENIOR APPLICATION ENGINEER,96034,C,50001 to 100000
"ADVANCED MICRO DEVICES, INC.",SUNNYVALE,94088,SENIOR DESIGN ENGINEER,96972,C,50001 to 100000
"ADVANCED MICRO DEVICES, INC.",SUNNYVALE,94088,SENIOR DESIGN ENGINEER,96972,C,50001 to 100000
"ADVANCED MICRO DEVICES, INC.",SUNNYVALE,94088-3453,MEMBER OF TECHNICAL STAFF DESIGN ENGINEER,97600,C,50001 to 100000
"ADVANCED MICRO DEVICES, INC.",SUNNYVALE,94088,SENIOR DESIGN ENGINEER,102784,D,100001 to 125000
"ADVANCED MICRO DEVICES, INC.",SUNNYVALE,94088,MEMBER OF TECHNICAL STAFF DESIGN ENGINEER,104021,D,100001 to 125000
"ADVANCED MICRO DEVICES, INC.",SUNNYVALE,94088-3453,MEMBER OF TECHNICAL STAFF DESIGN ENGINEER,104458,D,100001 to 125000
"ADVANCED MICRO DEVICES, INC.",SUNNYVALE,94088-3453,MEMBER OF TECHNICAL STAFF DESIGN ENGINEER,107702,D,100001 to 125000
"ADVANCED MICRO DEVICES, INC.",SUNNYVALE,94088,MTS DESIGN ENGINEER,107702,D,100001 to 125000
"ADVANCED MICRO DEVICES, INC.",SUNNYVALE,94088,SENIOR ASIC/LAYOUT DESIGN ENGINEER,108441,D,100001 to 125000
"ADVANCED MICRO DEVICES, INC.",SUNNYVALE,94088-3453,SENIOR SYSTEMS ENGINEER,109138,D,100001 to 125000
"ADVANCED MICRO DEVICES, INC.",SUNNYVALE,94088,SECTION MANAGER PRODUCT DEVELOPMENT ENGINEERING,111738,D,100001 to 125000
"ADVANCED MICRO DEVICES, INC.",SUNNYVALE,94088,MEMBER OF TECHNICAL STAFF DESIGN ENGINEER,112715,D,100001 to 125000
"ADVANCED MICRO DEVICES, INC.",SUNNYVALE,94088,MEMBER OF TECHNICAL STAFF SOFTWARE DEVELOPMENT ENG,115493,D,100001 to 125000
"ADVANCED MICRO DEVICES, INC.",SUNNYVALE,94088,SENIOR MEMBER OF TECHNICAL STAFF DESIGN ENGINEER,116000,D,100001 to 125000
"ADVANCED MICRO DEVICES, INC.",SUNNYVALE,94088,SENIOR ASIC/LAYOUT DESIGN ENGINEER,121285,D,100001 to 125000
"ADVANCED MICRO DEVICES, INC.",SUNNYVALE,94088,MTS ASIC/LAYOUT DESIGN ENGINEER,121285,D,100001 to 125000
"ADVANCED MICRO DEVICES, INC.",SUNNYVALE,94088-3453,MEMBER OF TECHNICAL STAFF DESIGN ENGINEER,123698,D,100001 to 125000
"ADVANCED MICRO DEVICES, INC.",SUNNYVALE,94088-3453,MEMBER OF TECHNICAL STAFF DESIGN ENGINEER,126759,E,125001 to 150000
"ADVANCED MICRO DEVICES, INC.",SUNNYVALE,94088,MTS SOFTWARE DEVELOPMENT ENGINEER,128294,E,125001 to 150000
"ADVANCED MICRO DEVICES, INC.",SUNNYVALE,94088,SMTS SOFTWARE DEVELOPMENT ENGINEER,148000,E,125001 to 150000
"ADVANCED MICRO DEVICES, INC.",SUNNYVALE,94088,SENIOR MANAGER SOFTWARE ENGINEERING,166650,F,150001 to 175000
"ADVANCED MICRO DEVICES, INC.",SUNNYVALE,94088,"CORPORATE VICE PRESIDENT, HUMAN RESOURCES",220000,H,200001 to 225000
ADVANCED MRI TECHNOLOGIES LLC,SEBASTOPOL,95472,RESEARCH SCIENTIST,50024,C,50001 to 100000
"ADVANCED RF TECHNOLOGIES, INC.",BURBANK,91505,ELECTRONICS ENGINEER,67226,C,50001 to 100000
"ADVANCED SOFTWARE DESIGN, INC.",WALNUT CREEK,94596,JAVA J2EE DEVELOPER,88150,C,50001 to 100000
ADVANCED VIDEO COMMUNICATIONS INC.,LOS ANGELES,90071,SYSTEMS/DATA BASE ADMINISTRATOR,48000,B,25001 to 50000
ADVANSTAR COMMUNICATIONS INC.,SANTA MONICA,90404,SOFTWARE DEVELOPER,78374,C,50001 to 100000
"ADVANSTAR COMMUNICATIONS, INC.",SANTA MONICA,90404,WEB MARKETING AND STRATEGY MANAGER,59467,C,50001 to 100000
"ADVANTAGE IT, INC.",SANTA ANA,92705,COMPUTER PROGRAMMER,38251,B,25001 to 50000
ADVANTEST AMERICA INC.,SANTA CLARA,95054,FINANCE SUPPLY CHAIN SPECIALIST,85592,C,50001 to 100000
ADVANTEST AMERICA INC.,SAN JOSE,95134-2127,FINANCE SUPPLY CHAIN SPECIALIST,85592,C,50001 to 100000
ADVANTEST AMERICA INC.,SAN JOSE,95134-2127,SENIOR R&D ENGINEER,91448,C,50001 to 100000
ADVANTEST AMERICA INC.,SANTA CLARA,95054,PRODUCT DATA ENGINEER,94692,C,50001 to 100000
ADVANTEST AMERICA INC.,SANTA CLARA,95054,PRODUCT DATA ENGINEER,94692,C,50001 to 100000
ADVANTEST AMERICA INC.,SAN JOSE,95134-2127,SENIOR APPLICATION ENGINEER,103387,D,100001 to 125000
ADVENT GROUP MINISTRIES,SAN JOSE,95118,SOCIAL WORKER,41000,B,25001 to 50000
"ADVENT SOFTWARE, INC.",SAN FRANCISCO,94103,SR. NETWORK ENGINEER,120550,D,100001 to 125000
"AD-VENTURES WORLDWIDE, LLC",STUDIO CITY,91604,GRAPHIC DESIGNER,33093,B,25001 to 50000
ADVERTISE.COM,SHERMAN OAKS,91403,SOFTWARE QUALITY ASSURANCE ENGINEER,90000,C,50001 to 100000
ADVERTISE.COM,SHERMAN OAKS,91403,SENIOR JAVA SOFTWARE ENGINEER,115000,D,100001 to 125000
"ADWELL COMMUNICATIONS, INC.",LOS ANGELES,90010,MARKET RESEARCH ANALYST,34320,B,25001 to 50000
AEGIS TECHNOLOGY INC,SANTA ANA,92706,MATERIALS DEVELOPMENT ENGINEER,79040,C,50001 to 100000
"AER ELECTRONICS, INC",FREMONT,94538,SENIOR SYSTEMS & NETWORK ENGINEER,70500,C,50001 to 100000
"AER ELECTRONICS, INC",FREMONT,94538,SENIOR SYSTEMS & NETWORK ENGINEER,70500,C,50001 to 100000
AERA ENERGY SERVICES COMPANY,BAKERSFIELD,93311,RESERVOIR ENGINEER II,74838,C,50001 to 100000
"AERIA GAMES & ENTERTAINMENT, INC.",SANTA CLARA,95054,MOBILE GAME DEVELOPER,61984,C,50001 to 100000
"AERIA GAMES & ENTERTAINMENT, INC.",SANTA CLARA,95054,PROJECT MANAGER- MOBILE GAME DEVELOPMENT,62982,C,50001 to 100000
"AERIA GAMES & ENTERTAINMENT, INC.",SANTA CLARA,95054,SR. SYSTEMS ADMINISTRATOR,68973,C,50001 to 100000
"AERIA GAMES & ENTERTAINMENT, INC.",SANTA CLARA,95054,BUSINESS DEVELOPMENT MANAGER,77459,C,50001 to 100000
"AERIS COMMUNICATIONS, INC.",SANTA CLARA,95054-1574,SOFTWARE ENGINEER,92000,C,50001 to 100000
AERO PRECISION INDUSTRIES,LIVERMORE,94551,IT SUPPORT SPECIALIST,83200,C,50001 to 100000
AERO TRANSPORTE DE CARGA,LOS ANGELES,90045,MARKETING MANAGER,66000,C,50001 to 100000
AEROMETALS,EL DORADO HILLS,95762,MECHANICAL ENGINEER,52000,C,50001 to 100000
AEROMETALS,EL DORADO HILLS,95762,MECHANICAL ENGINEER,58500,C,50001 to 100000
"AERONET, INC..",IRVINE,92606,INTERNATIONAL BUSINESS DEVELOPMENT MANAGER,65000,C,50001 to 100000
AEROSPACE & MARINE INTERNATIONAL CORP.,SAN JOSE,95119,MEDIA EDITOR,39832,B,25001 to 50000
AEROTRANSPORTE DE CARGA UNION S.A. DE C.V.,LOS ANGELES,90045,MARKETING MANAGER,66000,C,50001 to 100000
AES HUNTINGTON BEACH LLC,HUNTINGTON BEACH,92646,SITE ENGINEER,78700,C,50001 to 100000
"AFFYMETRIX, INC.",SANTA CLARA,95051,MARKETING SPECIALIST,79976,C,50001 to 100000
AFRICAN LEADERSHIP FOUNDATION,SAN FRANCISCO,94111,CHIEF OF STAFF,55000,C,50001 to 100000
AFRICAN LEADERSHIP FOUNDATION,SAN FRANCISCO,94111,CHIEF OF STAFF,55000,C,50001 to 100000
"AG EMPLOYER ADVANTAGE, INC.",VENTURA,93003,COMPUTER PROGRAMMER,56930,C,50001 to 100000
"AGENSYS, INC.",SANTA MONICA,90404,RESEARCH ASSOCIATE II,63000,C,50001 to 100000
"AGENSYS, INC.",SANTA MONICA,90404,RESEARCH ASSOCIATE III,63000,C,50001 to 100000
"AGENSYS, INC.",SANTA MONICA,90404,RESEARCH ASSOCIATE III,65000,C,50001 to 100000
"AGENSYS, INC.",SANTA MONICA,90404,FORMULATION ASSOCIATE SCIENTIST,73000,C,50001 to 100000
"AGILE GLOBAL SOLUTIONS, INC",FOLSOM,95630,COMPUTER SYSTEMS ANALYST,47341,B,25001 to 50000
"AGILE GLOBAL SOLUTIONS, INC",FOLSOM,95630,PROGRAMMER ANALYST,60000,C,50001 to 100000
"AGILE GLOBAL SOLUTIONS, INC",FOLSOM,95630,PROCESS ENGINEER,61110,C,50001 to 100000
"AGILE GLOBAL SOLUTIONS, INC",FOLSOM,95630,COMPUTER SYSTEMS ANALYST,75000,C,50001 to 100000
AGILE MARKET VENTURES INC,SUNNYVALE,94086,BUSINESS ANALYST,83200,C,50001 to 100000
AGILE MARKET VENTURES INC,SUNNYVALE,94086,APPLICATIONS PROGRAMMER,93600,C,50001 to 100000
AGILECOM PHOTONIC SOLUTIONS INC.,FREMONT,94539,RF DESIGN ENGINEER,84000,C,50001 to 100000
"AGILENT TECHNOLOGIES, INC.",SANTA CLARA,95051,PRODUCT MARKETING ENGINEER,69285,C,50001 to 100000
"AGILENT TECHNOLOGIES, INC.",SANTA CLARA,95051,R&D SOFTWARE ENGINEER,73362,C,50001 to 100000
"AGILENT TECHNOLOGIES, INC.",SANTA CLARA,95051,BIOCHEMIST,82430,C,50001 to 100000
"AGILENT TECHNOLOGIES, INC.",SANTA CLARA,95051,PRODUCTION ENGINEERING SUPERVISOR,84302,C,50001 to 100000
"AGILENT TECHNOLOGIES, INC.",SANTA CLARA,95051,EBUSINESS PROJECT MANAGER,91998,C,50001 to 100000
"AGILENT TECHNOLOGIES, INC.",SANTA CLARA,95051,LEAD ANALYST,106246,D,100001 to 125000
"AGILENT TECHNOLOGIES, INC.",SANTA CLARA,95051,SYSTEMS DESIGN LEAD (TAX),109138,D,100001 to 125000
"AGILEPOINT, INC.",MOUNTAIN VIEW,94043,SENIOR SOLUTION CONSULTANT,115000,D,100001 to 125000
"AGILITY HOLDINGS, INC.",IRVINE,92602,DOCUMENT MANAGEMENT SYSTEM ARCHITECT,104500,D,100001 to 125000
"AGILITY HOLDINGS, INC.",IRVINE,92602,DOCUMENT MANAGEMENT SYSTEM ARCHITECT,104500,D,100001 to 125000
AGILITY LOGISTICS CORP.,IRVINE,92602,CUSTOMER SERVICE ACCOUNT MANAGER,70926.24,C,50001 to 100000
"AGILONE, INC.",MOUNTAIN VIEW,94043,COMPUTATIONAL PROGRAMMER/ANALYST,71000,C,50001 to 100000
"AGILONE, INC.",MOUNTAIN VIEW,94043,SOFTWARE DEVELOPER,104000,D,100001 to 125000
"AGILONE, INC.",MOUNTAIN VIEW,94043,ENTERPRISE SOFTWARE DEVELOPER,105000,D,100001 to 125000
"AGILONE, INC.",MOUNTAIN VIEW,94043,DATA SCIENTIST,135000,E,125001 to 150000
"AGNI CONSULTING, INC.",MILPITAS,95035,SYSTEMS ANALYST,80000,C,50001 to 100000
"AGNITY, INC.",FREMONT,94538,"REGIONAL VICE PRESIDENT, SALES (CALA)",110000,D,100001 to 125000
AGREEYA MOBILITY INC,MOUNTAIN VIEW,94043,COMPUTER PROGRAMMER,70000,C,50001 to 100000
AGREEYA MOBILITY INC,MOUNTAIN VIEW,94043,COMPUTER PROGRAMMER,71947,C,50001 to 100000
AGREEYA MOBILITY INC,MOUNTAIN VIEW,94043,COMPUTER PROGRAMMER,75000,C,50001 to 100000
AGREEYA MOBILITY INC,MOUNTAIN VIEW,94043,COMPUTER PROGRAMMER,90000,C,50001 to 100000
AGREEYA MOBILITY INC,MOUNTAIN VIEW,94043,COMPUTER PRGRAMMER,105000,D,100001 to 125000
AGREEYA MOBILITY INC,MOUNTAIN VIEW,94043,COMPUTER PROGRAMMWE,110000,D,100001 to 125000
AGREEYA MOBILITY INC,MOUNTAIN VIEW,94043,INFORMATION TECHNOLOGY PROJECT MANAGER,125000,E,125001 to 150000
"AGREEYA SOLUTIONS, INC.",FOLSOM,95630,PROGRAMMER ANALYST,60000,C,50001 to 100000
"AGREEYA SOLUTIONS, INC.",FOLSOM,95630,PROGRAMMER ANALYST,60000,C,50001 to 100000
"AGREEYA SOLUTIONS, INC.",FOLSOM,95630,SOFTWARE SYSTEMS ENGINEER,60000,C,50001 to 100000
"AGREEYA SOLUTIONS, INC.",FOLSOM,95630,PROGRAMMER ANALYST,60000,C,50001 to 100000
"AGREEYA SOLUTIONS, INC.",FOLSOM,95630,PROGRAMMER ANALYST,60000,C,50001 to 100000
"AGREEYA SOLUTIONS, INC.",FOLSOM,95630,PROGRAMMER ANALYST,60000,C,50001 to 100000
"AGREEYA SOLUTIONS, INC.",FOLSOM,95630,PROGRAMMER ANALYST,60000,C,50001 to 100000
"AGREEYA SOLUTIONS, INC.",FOLSOM,95630,PROGRAMMER ANALYST,60000,C,50001 to 100000
"AGREEYA SOLUTIONS, INC.",FOLSOM,95630,PROGRAMMER ANALYST,60000,C,50001 to 100000
"AGREEYA SOLUTIONS, INC.",FOLSOM,95630,PROGRAMMER ANALYST,60000,C,50001 to 100000
"AGREEYA SOLUTIONS, INC.",FOLSOM,95630,SOFTWARE TEST ENGINEER,60000,C,50001 to 100000
"AGREEYA SOLUTIONS, INC.",FOLSOM,95630,SOFTWARE ENGINEER,60000,C,50001 to 100000
"AGREEYA SOLUTIONS, INC.",FOLSOM,95630,SYSTEMS ANALYST,60736,C,50001 to 100000
"AGREEYA SOLUTIONS, INC.",FOLSOM,95630,SOFTWARE ENGINEER,62421,C,50001 to 100000
"AGREEYA SOLUTIONS, INC.",FOLSOM,95630,LEAD PROGRAMMER ANALYST,63898,C,50001 to 100000
"AGREEYA SOLUTIONS, INC.",FOLSOM,95630,APPLICATIONS DEVELOPER,64376,C,50001 to 100000
"AGREEYA SOLUTIONS, INC.",FOLSOM,95630,COMPUTER SYSTEMS ANALYST,66685,C,50001 to 100000
"AGREEYA SOLUTIONS, INC.",FOLSOM,95630,SOLUTIONS ARCHITECT,68827,C,50001 to 100000
"AGREEYA SOLUTIONS, INC.",FOLSOM,95630,LEAD PROGRAMMER ANALYST,69742,C,50001 to 100000
"AGREEYA SOLUTIONS, INC.",FOLSOM,95630,BUSINESS SYSTEMS ANALYST,70970,C,50001 to 100000
"AGREEYA SOLUTIONS, INC.",FOLSOM,95630,BUSINESS SYSTEMS ANALYST,72218,C,50001 to 100000
"AGREEYA SOLUTIONS, INC.",FOLSOM,95630,SOLUTIONS ARCHITECT,77958,C,50001 to 100000
"AGREEYA SOLUTIONS, INC.",FOLSOM,95630,SOFTWARE ENGINEER,82930,C,50001 to 100000
AGRIBAG INC.,OAKLAND,94601,INFORMATION TECHNOLOGY SPECIALIST,65125,C,50001 to 100000
AHMC GREATER EL MONTE COMMUNITY HOSPITAL LP,SOUTH EL MONTE,91733,MARKETING SPECIALIST,33467,B,25001 to 50000
AHMC GREATER EL MONTE COMMUNITY HOSPITAL LP,SOUTH EL MONTE,91733,MARKETING SPECIALIST,33467,B,25001 to 50000
AHMC GREATER EL MONTE COMMUNITY HOSPITAL LP,SOUTH EL MONTE,91733,MARKETING SPECIALIST,45000,B,25001 to 50000
"AIMINSIGHT SOLUTIONS, INC.",LOS ANGELES,90066,PROJECT MANAGER,54000,C,50001 to 100000
"AIRBNB, INC.",SAN FRANCISCO,94103,BUSINESS DEVELOPMENT ANALYST,80000,C,50001 to 100000
"AIRBNB, INC.",SAN FRANCISCO,94103,OPERATIONS MANAGER,95000,C,50001 to 100000
"AIRBNB, INC.",SAN FRANCISCO,94103,PRODUCT GROWTH MANAGER,110000,D,100001 to 125000
"AIRBNB, INC.",SAN FRANCISCO,94103,SOFTWARE ENGINEER,118000,D,100001 to 125000
"AIRBNB, INC.",SAN FRANCISCO,94103,INTERNATIONAL BUSINESS OPERATIONS,140000,E,125001 to 150000
"AIRBNB, INC.",SAN FRANCISCO,94103,PRODUCT GROWTH MANAGER,140000,E,125001 to 150000
AIRPORT CONNECTION INC.,CAMARILLO,93010,SOFTWARE ENGINEER,85000,C,50001 to 100000
"AIXTRON, INC.",SUNNYVALE,94089,FIELD PROCESS ENGINEER,80000,C,50001 to 100000
AJA VIDEO SYSTEMS INC,GRASS VALLEY,95945,STAFF SOFTWARE ENGINEER II - DIGITAL CINEMA,135000,E,125001 to 150000
"A-JU TOURS, INC.",LOS ANGELES,90005,MARKETING COORDINATOR,40000,B,25001 to 50000
"A-JU TOURS, INC.",LOS ANGELES,90005,MARKET RESEARCH ANALYST,40000,B,25001 to 50000
"A-JU TOURS, INC.",LOS ANGELES,90005,MARKETING COORDINATOR,40000,B,25001 to 50000
"AKON, INC.",SAN JOSE,95131,MECHANICAL DESIGN ENGINEER,94432,C,50001 to 100000
"AKQA, INC.",SAN FRANCISCO,94107,SENIOR DESIGNER,77000,C,50001 to 100000
"AKQA, INC.",SAN FRANCISCO,94107,SENIOR DESIGNER,85000,C,50001 to 100000
"AKQA, INC.",SAN FRANCISCO,94107,SOFTWARE ENGINEER,88000,C,50001 to 100000
"AKQA, INC.",SAN FRANCISCO,94107,CREATIVE DEVELOPMENT MANAGER,115000,D,100001 to 125000
"AKQA, INC.",SAN FRANCISCO,94107,ASSOCIATE DIRECTOR OF CREATIVE DEVELOPMENT,115000,D,100001 to 125000
"AKQA, INC.",SAN FRANCISCO,94107,SENIOR SOFTWARE ENGINEER,121202,D,100001 to 125000
"AKQA, INC.",SAN FRANCISCO,94107,HEAD OF FILM PRODUCTION,141000,E,125001 to 150000
"AKQA, INC.",SAN FRANCISCO,94107,ASSOCIATE CREATIVE DIRECTOR,141000,E,125001 to 150000
AKRAYA INC,SUNNYVALE,94086,COMPUTER SYSTEMS ANALYST,60000,C,50001 to 100000
AKRAYA INC,SUNNYVALE,94086,COMPUTER SYSTEMS ANALYST,60000,C,50001 to 100000
AKRAYA INC,SUNNYVALE,94086,SYSTEMS ANALYST,63107,C,50001 to 100000
AKRAYA INC,SUNNYVALE,94086,COMPUTER SYSTEMS ANALYST,67621,C,50001 to 100000
AKRAYA INC,SUNNYVALE,94086,COMPUTER SYSTEMS ANALYST,67621,C,50001 to 100000
AKRAYA INC,SUNNYVALE,94086,COMPUTER SYSTEMS ANALYST,67621,C,50001 to 100000
AKRAYA INC,SUNNYVALE,94086,COMPUTER SYSTEMS ANALYST,67621,C,50001 to 100000
AKRAYA INC,SUNNYVALE,94086,COMPUTER SYSTEMS ANALYST,67621,C,50001 to 100000
AKRAYA INC,SUNNYVALE,94086,COMPUTER SYSTEMS ANALSYT,67621,C,50001 to 100000
AKRAYA INC,SUNNYVALE,94086,COMPUTER SYSTEMS ANALYST,67621,C,50001 to 100000
AKRAYA INC,SUNNYVALE,94086,COMPUTER SYSTEMS ANALYST,67621,C,50001 to 100000
AKRAYA INC,SUNNYVALE,94086,SYSTEMS ANALYST,67621,C,50001 to 100000
AKRAYA INC,SUNNYVALE,94086,SYSTEMS ANALYST,67621,C,50001 to 100000
AKRAYA INC,SUNNYVALE,94086,SYSTEMS ANALYST,67621,C,50001 to 100000
AKRAYA INC,SUNNYVALE,94086,PHYSICAL DESIGN ENGINEER,87422,C,50001 to 100000
AKRAYA INC,SUNNYVALE,94086,SALES ENGINEER,88150,C,50001 to 100000
"ALAMILLO REBAR, INC.",VALLEJO,94592,STRUCTURAL ENGINEER,60278,C,50001 to 100000
"ALBERT HAMMOND MUSIC, INC",LOS ANGELES,90067,CREATIVE AFFAIRS ANALYST,38500,B,25001 to 50000
"ALERTING SOLUTIONS, INC.",MARTINEZ,94553,COMPUTER SOFTWARE ENGINEER,85000,C,50001 to 100000
"ALEXANDER'S STEAKHOUSE, INC.",CUPERTINO,95014,MANAGER,57000,C,50001 to 100000
"ALIGN TECHNOLOGY, INC.",SAN JOSE,95131,SR. BUSINESS INTELLIGENCE ENGINEER,96221,C,50001 to 100000
"ALIOS BIOPHARMA, INC.",SOUTH SAN FRANCISCO,94080,ASSOCIATE SCIENTIST,95000,C,50001 to 100000
ALIPHCOM,SAN FRANCISCO,94103,"SENIOR MANAGER, MATERIALS",130000,E,125001 to 150000
ALIPHCOM,SAN FRANCISCO,94103,"SENIOR ENGINEERING MANAGER, PLATFORM",160000,F,150001 to 175000
ALIPHCOM,SAN FRANCISCO,94103,SENIOR PRODUCT MANAGER,160000,F,150001 to 175000
"ALIVECOR, INC.",SAN FRANCISCO,94108,PRODUCT MANAGER OF NEW TECHNOLOGIES,118560,D,100001 to 125000
"ALL CRITTERS HOSPITAL, INC.",BAKERSFIELD,93312,VETERINARIAN,71594,C,50001 to 100000
"ALL CRITTERS HOSPITAL, INC.",BAKERSFIELD,93312,VETERINARIAN,71594,C,50001 to 100000
ALLCOMP INC.,CITY OF INDUSTRY,91746,BUSINESS STRATEGIST,40705.6,B,25001 to 50000
"ALLCOMP, INC",CITY OF INDUSTRY,91746,BUSINESS STRATEGIST,40705.6,B,25001 to 50000
"ALLERGAN SALES, LLC",IRVINE,92612,"SR. PROFESSIONAL, BIOMATERIALS",77000,C,50001 to 100000
"ALLERGAN SALES, LLC",IRVINE,92612,"SPECIALIST, RISK MANAGEMENT",80000,C,50001 to 100000
"ALLERGAN SALES, LLC",IRVINE,92612,PROJECT ENGINEER,88000,C,50001 to 100000
"ALLERGAN SALES, LLC",IRVINE,92612,"ASSOCIATE, PROJECT MANAGER",89202,C,50001 to 100000
"ALLERGAN SALES, LLC",IRVINE,92612,SENIOR SAS PROGRAMMER,90745,C,50001 to 100000
"ALLERGAN SALES, LLC",IRVINE,92612,"SCIENTIST, PHARMACEUTICAL SCIENCES",106743,D,100001 to 125000
"ALLERGAN SALES, LLC",IRVINE,92612,SYSTEMS CONSULTANT,124200,D,100001 to 125000
"ALLERGAN SALES, LLC",IRVINE,92612,"MANAGER I, BIOSTATISTICS",130000,E,125001 to 150000
"ALLERGAN SALES, LLC",IRVINE,92612,"VICE PRESIDENT DEVELOPMENT, UROLOGY",279774,J,250001 to 500000
ALLIANCE INFORMATION TECHNOLOGY AND COMPUTER SOFTW,SAN RAMON,94583,COMPUTER PROGRAMMER,55000,C,50001 to 100000
ALLIANCE INFORMATION TECHNOLOGY AND COMPUTER SOFTW,SAN RAMON,94583,COMPUTER SYSTEMS ANALYSTS,60000,C,50001 to 100000
ALLIANCE INFORMATION TECHNOLOGY AND COMPUTER SOFTW,SAN RAMON,94583,COMPUTER PROGRAMMER,71947,C,50001 to 100000
ALLIANCE INFORMATION TECHNOLOGY AND COMPUTER SOFTW,SAN RAMON,94583,COMPUTER SYSTEMS ANALYST,83637,C,50001 to 100000
ALLIANZ GLOBAL INVESTORS CAPITAL LLC,SAN DIEGO,92101,"VICE PRESIDENT, QUANTITATIVE ANALYST",150000,F,150001 to 175000
ALLIANZ GLOBAL INVESTORS CAPITAL LLC,SAN DIEGO,92101,"VICE PRESIDENT, QUANTITATIVE ANALYST",235000,I,225001 to 250000
"ALLIED DIGITAL SERVICES, LLC",GARDENA,90248,FINANCE CONTROLLER,136000,E,125001 to 150000
"ALLOT COMMUNICATIONS CALIFORNIA, INC.",LA JOLLA,92037,QUALITY ASSURANCE ENGINEER,80000,C,50001 to 100000
"ALLOT COMMUNICATIONS CALIFORNIA, INC.",LA JOLLA,92037,SENIOR SOFTWARE ENGINEER,97850,C,50001 to 100000
"ALLOT COMMUNICATIONS CALIFORNIA, INC.",LA JOLLA,92037,SENIOR SOFTWARE ENGINEER,98000,C,50001 to 100000
"ALLOT COMMUNICATIONS CALIFORNIA, INC.",LA JOLLA,92037,MANAGER SOFTWARE DEVELOPMENT,123000,D,100001 to 125000
"ALLOT COMMUNICATIONS CALIFORNIA, INC.",LA JOLLA,92037,CHIEF SOFTWARE ENGINEER,150000,F,150001 to 175000
"ALLSOFT TECHNOLOGIES, INC.",SAN RAMON,94583,COMPUTER PROGRAMMER,50336,C,50001 to 100000
"ALLSOFT TECHNOLOGIES, INC.",SAN RAMON,94583,COMPUTER PROGRAMMER,53352,C,50001 to 100000
"ALLSOFT TECHNOLOGIES, INC.",SAN RAMON,94583,COMPUTER PROGRAMMER,53373,C,50001 to 100000
"ALLSOFT TECHNOLOGIES, INC.",SAN RAMON,94583,COMPUTER PROGRAMMER,54912,C,50001 to 100000
"ALLTUITION, INC.",PALO ALTO,94301,MATH CURRICULUM DIRECTOR,59010,C,50001 to 100000
ALLWIN21 CORP.,SANTA CLARA,95054,SYSTEM ENGINEER,78000,C,50001 to 100000
ALLYLIX INC.,SAN DIEGO,92121,RESEARCH ASSOCIATE,45000,B,25001 to 50000
"ALLYN M. MOSKOWITZ, CERTIFIED PUBLIC ACCOUNTANT",TARZANA,91356,TAX ACCOUNTANT,48850,B,25001 to 50000
"ALORICA, INC.",CHINO,91710,PROJECT MANAGER,101000,D,100001 to 125000
"ALPHA AND OMEGA SEMICONDUCTOR, INC.",SUNNYVALE,94085,SR. PROCESS INTEGRATION ENGINEER,76960,C,50001 to 100000
"ALPHA BAY BUILDERS, INC.",SAN FRANCISCO,94110,STAFF ACCOUNTANT,55000,C,50001 to 100000
ALPHA CREATIONS INC.,SAN DIEGO,92110,FINANCIAL ANALYST,56826,C,50001 to 100000
ALPHA NET CONSULTING LLC,SANTA CLARA,95054,DOTNET PROGRAMMER,58240,C,50001 to 100000
ALPHA NET CONSULTING LLC,SANTA CLARA,95054,DOTNET PROGRAMMER,58240,C,50001 to 100000
ALPHA NET CONSULTING LLC,SANTA CLARA,95054,DOTNET PROGRAMMER,58240,C,50001 to 100000
ALPHA NET CONSULTING LLC,SANTA CLARA,95054,DOTNET PROGRAMMER,58240,C,50001 to 100000
ALPHA NET CONSULTING LLC,SANTA CLARA,95054,PROGRAMMER ANALYST,60000,C,50001 to 100000
ALPHA NET CONSULTING LLC,SANTA CLARA,95054,PROGRAMMER ANALYST,60000,C,50001 to 100000
ALPHA NET CONSULTING LLC,SANTA CLARA,95054,JAVA DEVELOPER,60000,C,50001 to 100000
ALPHA NET CONSULTING LLC,SANTA CLARA,95054,JAVA DEVELOPER,60000,C,50001 to 100000
ALPHA NET CONSULTING LLC,SANTA CLARA,95054,SYSTEMS ANALYST,60000,C,50001 to 100000
ALPHA NET CONSULTING LLC,SANTA CLARA,95054,JAVA DEVELOPER,62000,C,50001 to 100000
ALPHA NET CONSULTING LLC,SANTA CLARA,95054,JAVA/J2EE DEVELOPER,62546,C,50001 to 100000
ALPHA NET CONSULTING LLC,SANTA CLARA,95054,SYSTEMS ANALYST,62733,C,50001 to 100000
ALPHA NET CONSULTING LLC,SANTA CLARA,95054,SYSTEMS ANALYST,62800,C,50001 to 100000
ALPHA NET CONSULTING LLC,SANTA CLARA,95054,JAVA/J2EE DEVELOPER,63000,C,50001 to 100000
ALPHA NET CONSULTING LLC,SANTA CLARA,95054,SYSTEMS ANALYST,63110,C,50001 to 100000
ALPHA NET CONSULTING LLC,SANTA CLARA,95054,PROGRAMMER ANALYST - DOTNET,71000,C,50001 to 100000
ALPHA NET CONSULTING LLC,SANTA CLARA,95054,JAVA PROGRAMMER,71000,C,50001 to 100000
ALPHA NET CONSULTING LLC,SANTA CLARA,95054,JAVA PROGRAMMER,71000,C,50001 to 100000
ALPHA NET CONSULTING LLC,SANTA CLARA,95054,JAVA DEVELOPER,72000,C,50001 to 100000
ALPHA NET CONSULTING LLC,SANTA CLARA,95054,SYSTEMS ANALYST - ORACLE,72000,C,50001 to 100000
ALPHA NET CONSULTING LLC,SANTA CLARA,95054,JAVA DEVELOPER,72000,C,50001 to 100000
ALPHA NET CONSULTING LLC,SANTA CLARA,95054,JAVA PROGRAMMER,72000,C,50001 to 100000
ALPHA NET CONSULTING LLC,SANTA CLARA,95054,COMPUTER SYSTEMS ANALYST - ORACLE HRMS,72800,C,50001 to 100000
ALPHA NET CONSULTING LLC,SANTA CLARA,95054,SOFTWARE DEVELOPER,77000,C,50001 to 100000
ALPHA NET CONSULTING LLC,SANTA CLARA,95054,DATABASE ADMINISTRATOR,80000,C,50001 to 100000
ALPHA NET CONSULTING LLC,SANTA CLARA,95054,DATABASE ADMINISTRATOR,80000,C,50001 to 100000
ALPHA NET CONSULTING LLC,SANTA CLARA,95054,SYSTEMS ANALYST,80000,C,50001 to 100000
ALPHA NET CONSULTING LLC,SANTA CLARA,95054,DATABASE ADMINISTRATOR,80000,C,50001 to 100000
ALPHA NET CONSULTING LLC,SANTA CLARA,95054,DATABASE ADMINISTRATOR,80000,C,50001 to 100000
ALPHA NET CONSULTING LLC,SANTA CLARA,95054,JAVA PROGRAMMER,90000,C,50001 to 100000
ALPHA NET CONSULTING LLC,SANTA CLARA,95054,PROGRAMMER ANALYST - ORACLE,92000,C,50001 to 100000
"ALPHA SENSORS, INC.",IRVINE,92614,TEST ENGINEER,58195,C,50001 to 100000
"ALPHA SENSORS, INC.",IRVINE,92614,TEST ENGINEER,58195,C,50001 to 100000
"ALPHA SENSORS, INC.",IRVINE,92614,TEST ENGINEER,58195,C,50001 to 100000
ALPHASOFT SERVICES CORPORATION,WALNUT CREEK,94597,PROGRAMMER ANALYST,67350,C,50001 to 100000
"ALPHAVISTA SERVICES, INC.",SUNNYVALE,94086,SPEECH LANGUAGE PATHOLOGIST,47000,B,25001 to 50000
"ALPHAVISTA SERVICES, INC.",SUNNYVALE,94086,SPEECH LANGUAGE PATHOLOGIST,55000,C,50001 to 100000
"ALPHAVISTA SERVICES, INC.",SUNNYVALE,94086,SPEECH LANGUAGE PATHOLOGIST,62000,C,50001 to 100000
"ALPHAVISTA SERVICES, INC.",SUNNYVALE,94086,SPEECH LANGUAGE PATHOLOGIST,62000,C,50001 to 100000
"ALPHAVISTA SERVICES, INC.",SUNNYVALE,94086,SPEECH LANGUAGE PATHOLOGIST,62500,C,50001 to 100000
"ALPHAVISTA SERVICES, INC.",SUNNYVALE,94086,SPEECH LANGUAGE PATHOLOGIST,62500,C,50001 to 100000
"ALPHAVISTA SERVICES, INC.",SUNNYVALE,94086,SPEECH LANGUAGE PATHOLOGIST,63200,C,50001 to 100000
"ALPHAVISTA SERVICES, INC.",SUNNYVALE,94086,SPEECH LANGUAGE PATHOLOGIST,65000,C,50001 to 100000
"ALPHAVISTA SERVICES, INC.",SUNNYVALE,94086,SPEECH LANGUAGE PATHOLOGIST,65000,C,50001 to 100000
"ALPHAVISTA SERVICES, INC.",SUNNYVALE,94086,SPEECH LANGUAGE PATHOLOGIST,65000,C,50001 to 100000
"ALPHAVISTA SERVICES, INC.",SUNNYVALE,94086,SPEECH LANGUAGE PATHOLOGIST,65000,C,50001 to 100000
"ALPHAVISTA SERVICES, INC.",SUNNYVALE,94086,SPEECH LANGUAGE PATHOLOGIST,65500,C,50001 to 100000
"ALPHAVISTA SERVICES, INC.",SUNNYVALE,94086,SPEECH LANGUAGE PATHOLOGIST,67000,C,50001 to 100000
"ALPHAVISTA SERVICES, INC.",SUNNYVALE,94086,SPEECH LANGUAGE PATHOLOGIST,67300,C,50001 to 100000
"ALPHAVISTA SERVICES, INC.",SUNNYVALE,94086,SPEECH LANGUAGE PATHOLOGIST,67500,C,50001 to 100000
"ALPHAVISTA SERVICES, INC.",SUNNYVALE,94086,SPEECH LANGUAGE PATHOLOGIST,70000,C,50001 to 100000
"ALPHAVISTA SERVICES, INC.",SUNNYVALE,94086,SPEECH LANGUAGE PATHOLOGIST,75000,C,50001 to 100000
"ALPHAVISTA SERVICES, INC.",SUNNYVALE,94086,SPEECH LANGUAGE PATHOLOGIST,75000,C,50001 to 100000
"ALPHAVISTA SERVICES, INC.",SUNNYVALE,94086,SPEECH LANGUAGE PATHOLOGIST,76000,C,50001 to 100000
"ALPHAVISTA SERVICES, INC.",SUNNYVALE,94086,OCCUPATIONAL THERAPIST,77418,C,50001 to 100000
ALSION MONTESSORI FOUNDATION,FREMONT,94539,AP LANGUAGE INSTRUCTOR,61350,C,50001 to 100000
"ALTA DEVICES, INC.",SANTA CLARA,95054,SENIOR ENGINEER,131100,E,125001 to 150000
ALTAMED HEALTH SERVICES CORPORATION,LOS ANGELES,90040,DATABASE ADMINISTRATOR,85000,C,50001 to 100000
ALTAMED HEALTH SERVICES CORPORATION,LOS ANGELES,90040,STAFF PHYSICIAN - INTERNAL MEDICINE,168084,F,150001 to 175000
ALTANOVA CORPORATION,SAN JOSE,95119,TEST MANAGER,96221,C,50001 to 100000
ALTERA CORPORATION,SAN JOSE,95134,"DEVICE ENGINEER, ADVANCE",90000,C,50001 to 100000
ALTERA CORPORATION,SAN JOSE,95134,PRODUCT MARKETING SPECIALIST/MGR. 3,95487.31,C,50001 to 100000
ALTERA CORPORATION,SAN JOSE,95134,"PRODUCT ENGINEER, SENIOR",98980,C,50001 to 100000
ALTERA CORPORATION,SAN JOSE,95134,"PRODUCT FIELD APPPLICATIONS ENGINEER, SENIOR",105835,D,100001 to 125000
ALTERA CORPORATION,SAN JOSE,95134,BUSINESS SYSTEMS ANALYST,126500,E,125001 to 150000
ALTERA CORPORATION,SAN JOSE,95134,"DESIGN ENGINEER, MTS",133000,E,125001 to 150000
"ALTIGEN COMMUNICATIONS, INC.",SAN JOSE,95134,SALES ENGINEER-TECHNOLOGY SOLUTIONS EASTERN REGION,68500,C,50001 to 100000
ALTUS GROUP US INC.,IRVINE,92614,"SENIOR CONSULTANT, RESEARCH, VALUATION & ADVISORY",80000,C,50001 to 100000
ALVES ACCOUNTANCY CORPORATION,CLOVIS,93612,ACCOUNTANT,53000,C,50001 to 100000
"AMALFI SEMICONDUCTOR, INC.",LOS GATOS,95032,SENIOR RFIC DESIGN ENGINEER,94432,C,50001 to 100000
"AMATEL, INC",LOS ANGELES,90036,ENGINEER,59509,C,50001 to 100000
"AMATEL, INC.",LOS ANGELES,90036,ENGINEER,49525,B,25001 to 50000
"AMATEL, INC.",LOS ANGELES,90036,ENGINEER,59509,C,50001 to 100000
"AMATEL, INC.",LOS ANGELES,90036,ENGINEER,61672,C,50001 to 100000
"AMATEL, INC.",LOS ANGELES,90036,ENGINEER,64064,C,50001 to 100000
"AMATEL, INC.",LOS ANGELES,90036,ENGINEER,65416,C,50001 to 100000
"AMATEL, INC.",LOS ANGELES,90036,ENGINEER,65416,C,50001 to 100000
"AMATEL, INC.",LOS ANGELES,90036,ENGINEER,65416,C,50001 to 100000
"AMATEL, INC.",LOS ANGELES,90036,ENGINEER,65416,C,50001 to 100000
"AMATEL, INC.",LOS ANGELES,90036,ENGINEER,65416,C,50001 to 100000
"AMATEL, INC.",LOS ANGELES,90036,ENGINEER,65416,C,50001 to 100000
"AMATEL, INC.",LOS ANGELES,90036,ENGINEER,65416,C,50001 to 100000
"AMATEL, INC.",LOS ANGELES,90036,ENGINEER,66477,C,50001 to 100000
"AMATEL, INC.",LOS ANGELES,90036,ENGINEER,66477,C,50001 to 100000
"AMATEL, INC.",LOS ANGELES,90036,ENGINEER,66477,C,50001 to 100000
"AMATEL, INC.",LOS ANGELES,90036,ENGINEER,66498,C,50001 to 100000
"AMATEL, INC.",LOS ANGELES,90036,ENGINEER,67226,C,50001 to 100000
"AMATEL, INC.",LOS ANGELES,90036,ENGINEER,67226,C,50001 to 100000
"AMATEL, INC.",LOS ANGELES,90036,ENGINEER,67226,C,50001 to 100000
"AMATEL, INC.",LOS ANGELES,90036,ENGINEER,67226,C,50001 to 100000
"AMATEL, INC.",LOS ANGELES,90036,ENGINEER,67226,C,50001 to 100000
"AMATEL, INC.",LOS ANGELES,90036,ENGINEER,69950,C,50001 to 100000
"AMATEL, INC.",LOS ANGELES,90036,ENGINEER,70720,C,50001 to 100000
"AMATEL, INC.",LOS ANGELES,90036,ENGINEER,75026,C,50001 to 100000
"AMATEL, INC.",LOS ANGELES,90036,ENGINEER,75026,C,50001 to 100000
"AMATEL, INC.,",LOS ANGELES,90036,ENGINEER,74235,C,50001 to 100000
AMAX ENGINEERING CORPORATION,FREMONT,94539,PROCUREMENT SPECIALIST,46000,B,25001 to 50000
AMAX ENGINEERING CORPORATION,FREMONT,94539,IT ENGINEER,60000,C,50001 to 100000
AMAX ENGINEERING CORPORATION,FREMONT,94539,IT ENGINEER,60000,C,50001 to 100000
AMAX ENGINEERING CORPORATION,FREMONT,94539,MANUFACTURING SERVICE ENGINEER,69950,C,50001 to 100000
AMBARELLA CORPORATION,SANTA CLARA,95051,MEMBER OF TECHNICAL STAFF,93018,C,50001 to 100000
"AMBER INDIA COMMERCIAL, INC.",MOUNTAIN VIEW,94040,FOOD PRODUCTION & CATERING MANAGER,47000,B,25001 to 50000
"AMBIOPHARM, INC.",CARLSBAD,92011,BIOCHEMIST,37999,B,25001 to 50000
"AMC CONSULTING ENGINEERS, INC.",OAKLAND,94607,CIVIL ENGINEER,88296,C,50001 to 100000
"AMC CONSULTING ENGINEERS, INC.",OAKLAND,94607,CIVIL ENGINEER,88296,C,50001 to 100000
"AMEREDIA, INCORPORATED",SAN FRANCISCO,94105,OPERATIONS ANALYST/MEDIA DIRECTOR,60000,C,50001 to 100000
"AMEREDIA, INCORPORATED",SAN FRANCISCO,94111,OPERATIONS ANALYST/MEDIADIRECTOR,60000,C,50001 to 100000
AMERICA CHUNG NAM LLC,CITY OF INDUSTRY,91789,ACCOUNTANT,46620,B,25001 to 50000
"AMERICA CHUNG NAM, INC.",CITY OF INDUSTRY,91789,BUSINESS DEVELOPMENT SPECIALIST,45600,B,25001 to 50000
"AMERICA TOHKIN ENTERPRISES,INC.",CITY OF INDUSTRY,91748,FINANCIAL MANAGER,50000,C,50001 to 100000
AMERICAN ANIMAL HOSPITAL,FREMONT,94536,ASSOCIATE VETERNIANIN,74000,C,50001 to 100000
AMERICAN APPAREL (USA) LLC,LOS ANGELES,90021,ACCOUNTANT,47000,B,25001 to 50000
AMERICAN APPAREL (USA) LLC,LOS ANGELES,90021,ACCOUNTANT,47000,B,25001 to 50000
AMERICAN APPAREL (USA) LLC,LOS ANGELES,90021,SENIOR SOFTARE ENGINEER,95000,C,50001 to 100000
"AMERICAN APPAREL (USA), LLC",LOS ANGELES,90021,BUS. OPERATIONS ANALYST - FASHION INDUSTRY,60000,C,50001 to 100000
AMERICAN BALLET OF LOS ANGELES,SANTA MONICA,90401,DIRECTOR OF CINEMATOGRAPHY,62000,C,50001 to 100000
AMERICAN BALLET OF LOS ANGELES,SANTA MONICA,90401,DIRECTOR OF CINEMATOGRAPHY,62000,C,50001 to 100000
AMERICAN BAPTIST HOMES OF THE WEST (ABHOW),PLEASANTON,94588,FINANCIAL ANALYST,75500,C,50001 to 100000
"AMERICAN BROADCASTING COMPANIES, INC.",BURBANK,91521-1405,"MANAGER, PRODUCT STRATEGY AND DEVELOPMENT",99435.39,C,50001 to 100000
"AMERICAN BROADCASTING COMPANIES, INC.",BURBANK,91521-1405,"MANAGER, PRODUCT STRATEGY AND DEVELOPMENT",99435.39,C,50001 to 100000
"AMERICAN COMMUNICATIONS, LLC",SANTA BARBARA,93117,BUYER,49587,B,25001 to 50000
AMERICAN COMPASS INC.,ARCADIA,91006,SCIENTIFIC ANALYST,60000,C,50001 to 100000
"AMERICAN COMPASS, INC.",ARCADIA,91006,FINANCIAL ANALYST,50000,C,50001 to 100000
"AMERICAN DJ SUPPLY, INC",LOS ANGELES,90040,DATABASE ADMINISTRATOR,45760,B,25001 to 50000
AMERICAN HONDA EDUCATION CORPORATION,TORRANCE,90501-2722,DIRECTOR OF CURRICULUM,92293,C,50001 to 100000
"AMERICAN LEARNING FOUNDATION, INC.",ALHAMBRA,91801,GRAPHIC DESIGNER,36000,B,25001 to 50000
"AMERICAN PEPTIDE COMPANY, INC.",SUNNYVALE,94086,CHEMIST,70000,C,50001 to 100000
AMERICAN RENOLIT CORPORATION LA,COMMERCE,90040,AUTOMATION ENGINEER,75000,C,50001 to 100000
"AMF SUPPORT SURFACES, INC.",CORONA,92879,"ENGINEER, MANUFACTURING PROCESS DESIGN",81500,C,50001 to 100000
"AMF SUPPORT SURFACES, INC.",CORONA,92879,"ENGINEER, MANUFACTURING PROCESS DESIGN",81500,C,50001 to 100000
AMGEN INC.,THOUSAND OAKS,91320,POST DOCTORAL FELLOW,55000.14,C,50001 to 100000
AMGEN INC.,THOUSAND OAKS,91320,SR. ASSOCIATE IS BUS SYS ANALYST,70574,C,50001 to 100000
AMGEN INC.,THOUSAND OAKS,91320,SR. ASSOCIATE IS BUS SYS ANALYST,72613,C,50001 to 100000
AMGEN INC.,THOUSAND OAKS,91320,SR. ASSOCIATE IS BUS SYS ANALYST,75000,C,50001 to 100000
AMGEN INC.,THOUSAND OAKS,91320,ASSOCIATE SCIENTIST,77626,C,50001 to 100000
AMGEN INC.,THOUSAND OAKS,91320,SR. ASSOCIATE BIOSTATISTICAL PROGRAMMING,79042.71,C,50001 to 100000
AMGEN INC.,THOUSAND OAKS,91320,REGULATORY AFFAIRS MANAGER,86004,C,50001 to 100000
AMGEN INC.,THOUSAND OAKS,91320,SPECIALIST IS PROG ANALYST,92676,C,50001 to 100000
AMGEN INC.,THOUSAND OAKS,91320,BUSINESS ANALYSIS & INFO MANAGER,94144,C,50001 to 100000
AMGEN INC.,THOUSAND OAKS,91320,SCIENTIST,95064.3,C,50001 to 100000
AMGEN INC.,THOUSAND OAKS,91320,SR. ASSOCIATE BIOSTATISTICAL PROGRAMMING,96117,C,50001 to 100000
AMGEN INC.,THOUSAND OAKS,91320,SR. ASSOCIATE BIOSTATISTICAL PROGRAMMING,99445,C,50001 to 100000
AMGEN INC.,THOUSAND OAKS,91320,BIOSTATISTICS MANAGER,100000.16,D,100001 to 125000
AMGEN INC.,THOUSAND OAKS,91320,BIOSTATISTICS MANAGER,100000.16,D,100001 to 125000
AMGEN INC.,THOUSAND OAKS,91320,SYSTEM OWNER,100774,D,100001 to 125000
AMGEN INC.,THOUSAND OAKS,91320,SR ASSOCIATE BIOSTATISTICAL PROGRAMMING,100817.6,D,100001 to 125000
AMGEN INC.,THOUSAND OAKS,91320,SR. PROJECT MANAGER,108867.12,D,100001 to 125000
AMGEN INC.,THOUSAND OAKS,91320,SENIOR ENGINEER,111930,D,100001 to 125000
AMGEN INC.,THOUSAND OAKS,91320,MEDICAL COMMUNICATIONS SENIOR MANAGER,115638,D,100001 to 125000
AMGEN INC.,THOUSAND OAKS,91320,SPECIALIST IS PROG ANALYST,117500.24,D,100001 to 125000
AMGEN INC.,THOUSAND OAKS,91320,GRAAS OPERATIONS SR. MANAGER,122040,D,100001 to 125000
AMGEN INC.,THOUSAND OAKS,91320,HEALTH ECONOMICS SENIOR MANAGER,131000,E,125001 to 150000
AMGEN INC.,THOUSAND OAKS,91320,SR. MGR INFORMATION SYSTEMS,147137,E,125001 to 150000
AMGEN INC.,THOUSAND OAKS,91320,HEALTH ECONOMIC DIRECTOR,177654,G,175001 to 200000
AMGEN INC.,THOUSAND OAKS,91320,HEALTH ECONOMICS DIRECTOR,190000,G,175001 to 200000
AMGEN INC.,THOUSAND OAKS,91320,SCIENTIFIC DIRECTOR,230000,I,225001 to 250000
AMICORP SERVICES LTD. INC.,SAN DIEGO,92101,FINANCIAL ADVISOR,34590,B,25001 to 50000
AMICORP SERVICES LTD. INC.,SAN DIEGO,92101,LEGAL COUNSEL,150000,F,150001 to 175000
AMIR ABEDI DDS INC,CHINO HILLS,91709,DENTIST-GENERAL,72509,C,50001 to 100000
AMITY INSTITUTE LTD.,SAN DIEGO,92108,INSTRUCTIONAL PROGRAM COORDINATOR,56035,C,50001 to 100000
"AMOBEE, INC.",REDWOOD CITY,94065-5172,SALES ENGINEER DIRECTOR,108181,D,100001 to 125000
"AMONIX, INC.",SEAL BEACH,90740,OPTICS ENGINEER,92690,C,50001 to 100000
"AMPHASTAR PHARMACEUTICALS, INC.",RANCHO CUCAMONGA,91730,LAB SCIENTIST,42536,B,25001 to 50000
AMPLA HEALTH,YUBA CITY,95991,FAMILY PRACTICE PHYSICIAN,106579,D,100001 to 125000
AMPLA HEALTH,YUBA CITY,95991,FAMILY PRACTICE PHYSICIAN,106579,D,100001 to 125000
AMPLA HEALTH,YUBA CITY,95911,PEDIATRICIAN,150000,F,150001 to 175000
"AMRAPUR OVERSEAS, INC.",GARDEN GROVE,92841,WAREHOUSE CONTROL SYSTEMS MANAGER,62000,C,50001 to 100000
"AMSINO INTERNATIONAL, INC.",POMONA,91767,OPERATION MANAGER,59218,C,50001 to 100000
AMTEL INC.,SANTA CLARA,95050,COMPUTER PROGRAMMER,86000,C,50001 to 100000
AMTEL INC.,SANTA CLARA,95050,COMPUTER PROGRAMMER,86000,C,50001 to 100000
"AMTEX ENTERPRISES, INC.",SUNNYVALE,94089,SOFTWARE ENGINEER,86004,C,50001 to 100000
"AMTEX ENTERPRISES, INC.",SUNNYVALE,94089,SOFTWARE ENGINEER,86004,C,50001 to 100000
"AMTEX ENTERPRISES, INC.",SUNNYVALE,94089,SOFTWARE ENGINEER,86004,C,50001 to 100000
AMVIGOR ENGINEERING SERVICES,UPLAND,91786,IDENTITY ACCESS MANAGEMENT BUSINESS ANALYST,62691,C,50001 to 100000
"AMYLIN PHARMACEUTICALS, INC.",SAN DIEGO,92121,SENIOR DEVELOPMENT SCIENTIST,74210,C,50001 to 100000
"ANASPEC, INC.",FREMONT,94555,SENIOR PURIFICATION BIOCHEMIST,65000,C,50001 to 100000
ANCHEN PARMACEUTICALS INC.,IRVINE,92618,REGULATORY AFFAIRS ASSOCIATE,70304,C,50001 to 100000
"ANCHEN PHARMACEUTICAL, INC.",IRVINE,92618,REGULARTORY AFFAIRS ASSOCIATE III,66082,C,50001 to 100000
ANCHEN PHARMACEUTICALS INC.,IRVINE,92618,REGULATORY AFFAIRS ASSOCIATE,70304,C,50001 to 100000
"ANCHEN PHARMACEUTICALS, INC.",IRVINE,92618,REGULATORY AFFAIRS ASSOCIATE III,66082,C,50001 to 100000
"ANCHEN PHARMACEUTICALS, INC.",IRVINE,92618,REGULATORY AFFAIRS ASSOCIATE III,89054.21,C,50001 to 100000
"ANCHOR GENERAL INSURANCE AGENCY, INC.",SAN DIEGO,92131,SOFTWARE DEVELOPER,85000,C,50001 to 100000
"ANCHORFREE, INC.",MOUNTAIN VIEW,94043,WINDOWS ENGINEER,85000,C,50001 to 100000
"ANCHORFREE, INC.",MOUNTAIN VIEW,94043,PEOPLE OPERATIONS MANAGER,130000,E,125001 to 150000
ANF & ASSOCIATES,EL MONTE,91731,PROJECT ENGINEER,56100,C,50001 to 100000
ANF & ASSOCIATES,EL MONTE,91731,PROJECT ENGINEER,56100,C,50001 to 100000
ANF & ASSOCIATES,EL MONTE,91731,PROJECT ENGINEER,56100,C,50001 to 100000
ANIMAX INTERACTIVE LLC,VAN NUYS,91406,SOFTWARE DEVELOPER,65000,C,50001 to 100000
"ANKLESARIA GROUP, INC.",DEL MAR,92014,CONSULTANT,72000,C,50001 to 100000
ANMOL SOFT INC.,SANTA CLARA,95054,PROGRAMMER ANALYST,90000,C,50001 to 100000
ANRITSU COMPANY,MORGAN HILL,95037-2809,SOFTWARE DEVELOPMENT ENGINEER,77000,C,50001 to 100000
ANRITSU COMPANY,MORGAN HILL,95037-2809,SOFTWARE ENGINEER,79000,C,50001 to 100000
ANRITSU COMPANY,MORGAN HILL,95037-2809,PROTOCOL SOFTWARE SUPPORT ENGINEER,91000,C,50001 to 100000
ANRITSU COMPANY,MORGAN HILL,95037-2809,WIRELESS SOLUTIONS SPECIALIST,93059,C,50001 to 100000
ANRITSU COMPANY,MORGAN HILL,95037-2809,SOFTWARE ENGINEER,105000,D,100001 to 125000
ANRITSU COMPANY,MORGAN HILL,95037-2809,SENIOR FIRMWARE ENGINEER,134424.99,E,125001 to 150000
ANSALDOBREDA INC.,SAN FRANCISCO,94105,MECHANICAL ENGINEER,61755,C,50001 to 100000
"ANSALDOBREDA, INC.",SAN FRANCSICO,94105,ACCOUNTANT,60000,C,50001 to 100000
ANTELOPE VALLEY PHYSICAL THERAPY,PALMDALE,93551,RESEARCH ANALYST,65390,C,50001 to 100000
ANTICANCER INC.,SAN DIEGO,92111,CANCER RESEARCH MOLECULAR BIOLOGIST,41000,B,25001 to 50000
ANTIOCH UNIFIED SCHOOL DISTRICT,ANTIOCH,94509,ELEMENTARY TEACHER,35938,B,25001 to 50000
ANTIOCH UNIFIED SCHOOL DISTRICT,ANTIOCH,94509,ELEMENTARY TEACHER,35938,B,25001 to 50000
"ANTIPODEAN LABS, LLC",EMERYVILLE,94608,ENGINEERING LEAD,90000,C,50001 to 100000
ANUP INC.,BLYTHE,92225,GENERAL MANAGER,47500,B,25001 to 50000
"APA ENGINEERING, INC.",IRVINE,92618,DESIGN ENGINEER,60000,C,50001 to 100000
"APACHE DESIGN, INC.",SAN JOSE,95134,APPLICATIONS ENGINEER,74298,C,50001 to 100000
"APACHE DESIGN, INC.",SAN JOSE,95134,SENIOR APPLICATIONS ENGINEER,76128,C,50001 to 100000
"APACHE DESIGN, INC.",SAN JOSE,95134,APPLICATIONS ENGINEER,76128,C,50001 to 100000
"APACHE GOLF, INC.",ANAHEIM,92807,MARKET RESEARCH ANALYST,40726,B,25001 to 50000
APCERA,SAN FRANCISCO,94105,PRODUCT MARKETING MANAGER,115000,D,100001 to 125000
APCT INC,SANTA CLARA,95054,CAM ENGINEER,73188,C,50001 to 100000
"APEX COMPUTER SYSTEMS, INC.","CERRITOS,",90703,COMPUTER SYSTEMS ANALYSTS,75000,C,50001 to 100000
"APEX COMPUTER SYSTEMS, INC.",CERRITOS,90703,COMPUTER SYSTEMS ANALYSTS,75000,C,50001 to 100000
APIGEE CORPORATION,PALO ALTO,94306,SOLUTIONS ARCHITECT,100984,D,100001 to 125000
"APLOGICS TECHNOLOGIES, INC.",SUNNYVALE,94085,DATABASE ADMINISTRATOR,59613,C,50001 to 100000
APN SOFTWARE SERVICES INC.,NEWARK,94560,SOFTWARE ENGINEER,110000,D,100001 to 125000
APN SOFTWARE SERVICES INC.,NEWARK,94560,SOFTWARE ENGINEER,110000,D,100001 to 125000
APN SOFTWARE SERVICES INC.,NEWARK,94560,TECHNICAL LEAD ENGINEER,112000,D,100001 to 125000
APN SOFTWARE SERVICES INC.,NEWARK,94560,NETWORKS INTEGRATION TEST ENGINEER,120000,D,100001 to 125000
"APNICURE INC.,",REDWOOD CITY,94063,MANUFACTURING ENGINEER,69368,C,50001 to 100000
APOLENT CORPORATION,SANTA CLARA,95054,PRODUCT TEST ENGINEER,85000,C,50001 to 100000
APOLENT CORPORATION,SANTA CLARA,95054,PRODUCT TEST ENGINEER,90000,C,50001 to 100000
APOLENT CORPORATION,SANTA CLARA,95054,PRODUCT TEST ENGINEER,92000,C,50001 to 100000
APOLENT CORPORATION,SANTA CLARA,95054,PRODUCT TEST ENGINEER,92000,C,50001 to 100000
"APPCELERATOR, INC.",MOUNTAIN VIEW,94043,SENIOR SOFTWARE ENGINEER,123282,D,100001 to 125000
"APPCELERATOR, INC.",MOUNTAIN VIEW,94043,SENIOR SOFTWARE ENGINEER,123282,D,100001 to 125000
"APPCELERATOR, INC.",MOUNTAIN VIEW,94043,WEB DEVELOPER,134000,E,125001 to 150000
"APPCELERATOR, INC.",MOUNTAIN VIEW,94043,SENIOR SOFTWARE ENGINEER,134000,E,125001 to 150000
APPDIRECT,SAN FRANCISCO,94108,BUSINESS DEVELOPMENT (MARKETING SPECIALIST),80000,C,50001 to 100000
APPDIRECT,SAN FRANCISCO,94108,SENIOR SOFTWARE ENGINEER,130000,E,125001 to 150000
APPDIRECT,SAN FRANCISCO,94108,STAFF SOFTWARE ENGINEER,165000,F,150001 to 175000
"APPDYNAMICS, INC.",SAN FRANCISCO,94107,SOFTWARE ENGINEER,95000,C,50001 to 100000
"APPDYNAMICS, INC.",SAN FRANCISCO,94107,SOFTWARE ENGINEER - AUTOMATION,95000,C,50001 to 100000
"APPDYNAMICS, INC.",SAN FRANCISCO,94107,SENIOR SOFTWARE ENGINEER,135000,E,125001 to 150000
"APPERSON PRINT RESOURCES, INC.",CERRITOS,90703,COMPUTER SOFTWARE ENGINEERS,109000,D,100001 to 125000
"APPFOLIO, INC.",GOLETA,93117,SENIOR SOFTWARE ENGINEER,98000,C,50001 to 100000
APPIRIO INC.,SAN FRANCISCO,94102,CONSULTANT,81682,C,50001 to 100000
APPIRIO INC.,SAN FRANCISCO,94102,CONSULTANT,96700,C,50001 to 100000
APPLE INC.,CUPERTINO,95014,WORLD WIDE BUSINESS INTELLIGENCE WEB DEVELOPER,73029,C,50001 to 100000
APPLE INC.,CUPERTINO,95014,WORLD WIDE BUSINESS INTELLIGENCE WEB DEVELOPER,73029,C,50001 to 100000
APPLE INC.,CUPERTINO,95014,ENGINEERING SYSTEMS ADMINISTRATOR 2,78280,C,50001 to 100000
APPLE INC.,CUPERTINO,95014,IOS CELLULAR SW FIELD TEST ENGINEER,80000,C,50001 to 100000
APPLE INC.,CUPERTINO,95014,AMERICAS SUPPLY DEMAND PLANNER,80000,C,50001 to 100000
APPLE INC.,CUPERTINO,95014,IPHONE CELLULAR SW FIELD TEST ENGINEER,80000,C,50001 to 100000
APPLE INC.,CUPERTINO,95014,PHYSICAL DESIGN ENGINEER,85000,C,50001 to 100000
APPLE INC.,CUPERTINO,95014,DFX ENGINEER,85000,C,50001 to 100000
APPLE INC.,CUPERTINO,95014,"ELECTRICAL ENGINEER, PLATFORM ARCHITECTURE",85000,C,50001 to 100000
APPLE INC.,CUPERTINO,95014,CAMERA MEASUREMENT DESIGN,88837,C,50001 to 100000
APPLE INC.,CUPERTINO,95014,APPLECARE BUYER,90000,C,50001 to 100000
APPLE INC.,CUPERTINO,95014,STRATEGIC SOURCING MANAGER,90000,C,50001 to 100000
APPLE INC.,CUPERTINO,95014,IPOD HARDWARE ENGINEER,90000,C,50001 to 100000
APPLE INC.,CUPERTINO,95014,ICLOUD SOFTWARE ENGINEER,90000,C,50001 to 100000
APPLE INC.,CUPERTINO,95014,RF COEX TEST ENGINEER,90000,C,50001 to 100000
APPLE INC.,CUPERTINO,95014,CAMERA MEASUREMENT DESIGNER,90000,C,50001 to 100000
APPLE INC.,CUPERTINO,95014,SAN SYSTEMS ENGINEER,90000,C,50001 to 100000
APPLE INC.,CUPERTINO,95014,VERIFICATION ENGINEER,92995,C,50001 to 100000
APPLE INC.,CUPERTINO,95014,SW DEVELOP ENG 2,93000,C,50001 to 100000
APPLE INC.,CUPERTINO,95014,SW DEVELOP ENG 2,94000,C,50001 to 100000
APPLE INC.,CUPERTINO,95014,SW DEVELOP ENG 2,94000,C,50001 to 100000
APPLE INC.,CUPERTINO,95014,PHYSICAL DESIGN ENGINEER,94000,C,50001 to 100000
APPLE INC.,CUPERTINO,95014,RELIABILITY ENGINEER,95000,C,50001 to 100000
APPLE INC.,CUPERTINO,95014,SILICON VALIDATION SOFTWARE ENGINEER,95000,C,50001 to 100000
APPLE INC.,CUPERTINO,95014,DESIGN VERIFICATION ENGINEER,95000,C,50001 to 100000
APPLE INC.,CUPERTINO,95014,ELECTRONIC DESIGN ENGINEER 2,96000,C,50001 to 100000
APPLE INC.,CUPERTINO,95014,SW DEVELOP ENG 2,96016,C,50001 to 100000
APPLE INC.,CUPERTINO,95014,TEST ENGINEER 3,96600,C,50001 to 100000
APPLE INC.,CUPERTINO,95014,FINANCIAL ANALYST 4,96990,C,50001 to 100000
APPLE INC.,CUPERTINO,95014,SW DEVELOP ENG 3,98550,C,50001 to 100000
APPLE INC.,CUPERTINO,95014,SYSTEMS DESIGN ENGINEER 3,98700,C,50001 to 100000
APPLE INC.,CUPERTINO,95014,TEST ENGINEER,101707,D,100001 to 125000
APPLE INC.,CUPERTINO,95014,SW DEVELOP ENG 3,102000,D,100001 to 125000
APPLE INC.,CUPERTINO,95014,SW DEVELOP ENG 3,104000,D,100001 to 125000
APPLE INC.,CUPERTINO,95014,SW DEVELOP ENG 3,104000,D,100001 to 125000
APPLE INC.,CUPERTINO,95014,ASIC DESIGN ENG 3,104500,D,100001 to 125000
APPLE INC.,CUPERTINO,95014,ASIC STA DESIGN ENGINEER,104645,D,100001 to 125000
APPLE INC.,CUPERTINO,95014,WI-FI QA ENGINEER,105000,D,100001 to 125000
APPLE INC.,CUPERTINO,95014,TOOLS & SERVICES AUTOMATION ENGINEER,105000,D,100001 to 125000
APPLE INC.,CUPERTINO,95014,CAMPAIGN OPERATIONS SPECIALIST,105000,D,100001 to 125000
APPLE INC.,CUPERTINO,95014,IOS CELLULAR LAB QA ENGINEER,105000,D,100001 to 125000
APPLE INC.,CUPERTINO,95014,IOS CELLULAR LAB QA ENGINEER,105000,D,100001 to 125000
APPLE INC.,CUPERTINO,95014,EMBEDDED TRIAGE ENGINEER,105000,D,100001 to 125000
APPLE INC.,CUPERTINO,95014,SW DEVELOP ENG 3,105000,D,100001 to 125000
APPLE INC.,CUPERTINO,95014,SW DEVELOP ENG 3,105000,D,100001 to 125000
APPLE INC.,CUPERTINO,95014,SW DEVELOP ENG 3,105000,D,100001 to 125000
APPLE INC.,CUPERTINO,95014,OS ENGINEERING PROJECT MANAGER,105000,D,100001 to 125000
APPLE INC.,CUPERTINO,95014,SENIOR SOFTWARE ENGINEER,105000,D,100001 to 125000
APPLE INC.,CUPERTINO,95014,SOFTWARE ENGINEER APPS 3,105000,D,100001 to 125000
APPLE INC.,CUPERTINO,95014,DESIGN VERIFICATION ENGINEER,105000,D,100001 to 125000
APPLE INC.,CUPERTINO,95014,CELLULAR PROTOCOL SOFTWARE ENGINEER,105000,D,100001 to 125000
APPLE INC.,CUPERTINO,95014,JAVA SW ENGINEER,105000,D,100001 to 125000
APPLE INC.,CUPERTINO,95014,SYSTEMS DESIGN ENGINEER 4,106157,D,100001 to 125000
APPLE INC.,CUPERTINO,95014,SYSTEMS DESIGN ENGINEER 4,106157,D,100001 to 125000
APPLE INC.,CUPERTINO,95014,SW DEVELOPMENT ENGINEER,108000,D,100001 to 125000
APPLE INC.,CUPERTINO,95014,SOFTWARE ENGINEER APPS 3,108000,D,100001 to 125000
APPLE INC.,CUPERTINO,95014,"SOFTWARE ENGINEER, AOS",110000,D,100001 to 125000
APPLE INC.,CUPERTINO,95014,ANALOG IC DESIGN ENGINEER,110000,D,100001 to 125000
APPLE INC.,CUPERTINO,95014,PLM DEVELOPMENT LEAD,110000,D,100001 to 125000
APPLE INC.,CUPERTINO,95014,STRATEGIC SOURCING MANAGER,110000,D,100001 to 125000
APPLE INC.,CUPERTINO,95014,IOS SW DEVELOPER,110000,D,100001 to 125000
APPLE INC.,CUPERTINO,95014,SYSTEMS ENGINEER,110000,D,100001 to 125000
APPLE INC.,CUPERTINO,95014,SURVEY RESEARCH ANALYST,110000,D,100001 to 125000
APPLE INC.,CUPERTINO,95014,AUTOMATION AND TOOLING ENGINEER,110000,D,100001 to 125000
APPLE INC.,CUPERTINO,95014,AUTOMATION AND TOOLING ENGINEER,110000,D,100001 to 125000
APPLE INC.,CUPERTINO,95014,SW DEVELOP ENG 3,110000,D,100001 to 125000
APPLE INC.,CUPERTINO,95014,SYSTEM TRIAGE ENGINEER,110000,D,100001 to 125000
APPLE INC.,CUPERTINO,95014,SIGNAL INTEGRITY LAB CHARACTERIZATION ENGINEER,110000,D,100001 to 125000
APPLE INC.,CUPERTINO,95014,SENIOR SOFTWARE ENGINEER,110000,D,100001 to 125000
APPLE INC.,CUPERTINO,95014,SAP QUALITY AND MANAGEMENT,110000,D,100001 to 125000
APPLE INC.,CUPERTINO,95014,DATA WAREHOUSE LEAD,110000,D,100001 to 125000
APPLE INC.,CUPERTINO,95014,CORE AUDIO SOFTWARE ENGINEER,110000,D,100001 to 125000
APPLE INC.,CUPERTINO,95014,HARDWARE ENGINEER,110000,D,100001 to 125000
APPLE INC.,CUPERTINO,95014,DATA WAREHOUSE LEAD,110000,D,100001 to 125000
APPLE INC.,CUPERTINO,95014,SOFTWARE ENGINEER,110000,D,100001 to 125000
APPLE INC.,CUPERTINO,95014,SOFTWARE ENGINEER APPS 3,110250,D,100001 to 125000
APPLE INC.,CUPERTINO,95014,SW DEVELOP ENG 3,112000,D,100001 to 125000
APPLE INC.,CUPERTINO,95014,SW DEVELOP ENG 3,113000,D,100001 to 125000
APPLE INC.,CUPERTINO,95014,SOFTWARE ENGINEER APPS 3,113000,D,100001 to 125000
APPLE INC.,CUPERTINO,95014,SW DEVELOP ENG 3,113000,D,100001 to 125000
APPLE INC.,CUPERTINO,95014,VIDEO COMPRESSION VALIDATION ENGINEER,113000,D,100001 to 125000
APPLE INC.,CUPERTINO,95014,SW DEVELOP ENG 3,114000,D,100001 to 125000
APPLE INC.,CUPERTINO,95014,CPU IMPLEMENTATION ENGINEER,114000,D,100001 to 125000
APPLE INC.,CUPERTINO,95014,CPU IMPLEMENTATION ENGINEER,114000,D,100001 to 125000
APPLE INC.,CUPERTINO,95014,SW DEVELOPMENT ENGINEER 3,114000,D,100001 to 125000
APPLE INC.,CUPERTINO,95014,PHYSICAL DESIGN ENGINEER,114000,D,100001 to 125000
APPLE INC.,CUPERTINO,95014,LLVM BACKEND COMPILER ENGINEER,114000,D,100001 to 125000
APPLE INC.,CUPERTINO,95014,LLVM BACKEND COMPILER ENGINEER,114000,D,100001 to 125000
APPLE INC.,CUPERTINO,95014,TEST ENGINEER 3,114047,D,100001 to 125000
APPLE INC.,CUPERTINO,95014,DESIGN ENGINEER,115000,D,100001 to 125000
APPLE INC.,CUPERTINO,95014,SAP FUNCTIONAL PROJECT MANAGER - BPC,115000,D,100001 to 125000
APPLE INC.,CUPERTINO,95014,SW DEVELOP ENG 3,115000,D,100001 to 125000
APPLE INC.,CUPERTINO,95014,IT AUDIT & COMPLIANCE SPECIALIST,115000,D,100001 to 125000
APPLE INC.,CUPERTINO,95014,SAP PROJECT MANAGER,115000,D,100001 to 125000
APPLE INC.,CUPERTINO,95014,MEDIA SYSTEMS AUTOMATION ENGINEER,115000,D,100001 to 125000
APPLE INC.,CUPERTINO,95014,HARDWARE DEVELOP ENG 3,115000,D,100001 to 125000
APPLE INC.,CUPERTINO,95014,CELLULAR SOFTWARE FRAMEWORK ENGINEER,115000,D,100001 to 125000
APPLE INC.,CUPERTINO,95014,DRAM PRODUCT ENGINEER,115000,D,100001 to 125000
APPLE INC.,CUPERTINO,95014,QA/QC ENGINEER 4,115000,D,100001 to 125000
APPLE INC.,CUPERTINO,95014,COMMODITY SPEC MANAGER,115823,D,100001 to 125000
APPLE INC.,CUPERTINO,95014,IOS WEB APPLICATIONS DEVELOPER,118000,D,100001 to 125000
APPLE INC.,CUPERTINO,95014,ASIC VERIFICATION ENGINEER,118000,D,100001 to 125000
APPLE INC.,CUPERTINO,95014,HARDWARE DEVELOP ENG 3,118000,D,100001 to 125000
APPLE INC.,CUPERTINO,95014,SYSTEMS DESIGN ENGINEER 3,118376,D,100001 to 125000
APPLE INC.,CUPERTINO,95014,ELECTRONIC DESIGN ENG 3,119400,D,100001 to 125000
APPLE INC.,CUPERTINO,95014,"DATA SCIENTIST - CUSTOMER ANALYTICS, APPLE ONLINE",120000,D,100001 to 125000
APPLE INC.,CUPERTINO,95014,SYSTEMS DESIGN ENGINEER 4,120000,D,100001 to 125000
APPLE INC.,CUPERTINO,95014,SOFTWARE ENGINEERING MANAGER,120000,D,100001 to 125000
APPLE INC.,CUPERTINO,95014,RELIABILITY ENGINEER - SOFT GOODS,120000,D,100001 to 125000
APPLE INC.,CUPERTINO,95014,TECHNICAL PROJECT MANAGER,120000,D,100001 to 125000
APPLE INC.,CUPERTINO,95014,WEB UI ENGINEER,120000,D,100001 to 125000
APPLE INC.,CUPERTINO,95014,INFO SYSTEMS ENG 4,120000,D,100001 to 125000
APPLE INC.,CUPERTINO,95014,ENTERPRISE APPLICATION SOFTWARE ENGINEER,120000,D,100001 to 125000
APPLE INC.,CUPERTINO,95014,FAN/HDD NOISE ENGINEER,120000,D,100001 to 125000
APPLE INC.,CUPERTINO,95014,SIRI SOFTWARE ENGINEER,120000,D,100001 to 125000
APPLE INC.,CUPERTINO,95014,SENIOR ABAP SUPPORT DEVELOPER/LEAD,120000,D,100001 to 125000
APPLE INC.,CUPERTINO,95014,ENG SYSTEMS ADMIN 4,120000,D,100001 to 125000
APPLE INC.,CUPERTINO,95014,RISK AND PERFORMANCE ANALYST,120000,D,100001 to 125000
APPLE INC.,CUPERTINO,95014,SAP BUS SYSTEMS ANALYST,120000,D,100001 to 125000
APPLE INC.,CUPERTINO,95014,RETAIL EXPANSION PROJECT MANAGER,120000,D,100001 to 125000
APPLE INC.,CUPERTINO,95014,SIRI ANALYTICS ENGINEER,120786,D,100001 to 125000
APPLE INC.,CUPERTINO,95014,SOFTWARE ENGINEER APPS 3,122500,D,100001 to 125000
APPLE INC.,CUPERTINO,95014,ENGINEERING PROJECT MGR 3,123600,D,100001 to 125000
APPLE INC.,CUPERTINO,95014,SYSTEMS DESIGN ENGINEER 3,124200,D,100001 to 125000
APPLE INC.,CUPERTINO,95014,IST TECHNICAL PROJECT MGR 4,124800,D,100001 to 125000
APPLE INC.,CUPERTINO,95014,BPR PRODUCTION SUPPORT PROJECT MANAGER/LEAD,125000,E,125001 to 150000
APPLE INC.,CUPERTINO,95014,PHYSICAL DESIGN ENGINEER,125000,E,125001 to 150000
APPLE INC.,CUPERTINO,95014,ITUNES SENIOR FINANCIAL ANALYST,125000,E,125001 to 150000
APPLE INC.,CUPERTINO,95014,COCOA APPLICATIONS ENGINEER,125000,E,125001 to 150000
APPLE INC.,CUPERTINO,95014,INFO SYSTEMS ENG 4,125000,E,125001 to 150000
APPLE INC.,CUPERTINO,95014,SW DEVELOP ENG 4,125000,E,125001 to 150000
APPLE INC.,CUPERTINO,95014,"GLOBAL SUPPLY MANAGER, LCD",125000,E,125001 to 150000
APPLE INC.,CUPERTINO,95014,DATA ANALYST 4,125000,E,125001 to 150000
APPLE INC.,CUPERTINO,95014,ENGINEERING PROJECT MGR 3,125000,E,125001 to 150000
APPLE INC.,CUPERTINO,95014,IOS SOFTWARE ENGINEER - MAPKIT,125000,E,125001 to 150000
APPLE INC.,CUPERTINO,95014,BUS SYSTEMS ANALYST 4,125526,E,125001 to 150000
APPLE INC.,CUPERTINO,95014,DATABASE ADMINISTRATOR 4,126000,E,125001 to 150000
APPLE INC.,CUPERTINO,95014,INFORMATION SYSTEMS MGR 1,128000,E,125001 to 150000
APPLE INC.,CUPERTINO,95014,BUS SYSTEMS ANALYST 4,129854,E,125001 to 150000
APPLE INC.,CUPERTINO,95014,SENIOR ACOUSTIC VALIDATION ENGINEER,130000,E,125001 to 150000
APPLE INC.,CUPERTINO,95014,WEB APPLICATION DEVELOPER,130000,E,125001 to 150000
APPLE INC.,CUPERTINO,95014,SENIOR PLM SOLUTIONS ENGINEER,130000,E,125001 to 150000
APPLE INC.,CUPERTINO,95014,SOFTWARE ENGINEER APPS 4,130000,E,125001 to 150000
APPLE INC.,CUPERTINO,95014,SW DEVELOP MGR 1,130000,E,125001 to 150000
APPLE INC.,CUPERTINO,95014,"SOFTWARE DEVELOPMENT ENGINEER, INVENTORY MANAGEMEN",130000,E,125001 to 150000
APPLE INC.,CUPERTINO,95014,SENIOR DESIGN ENGINEER,130000,E,125001 to 150000
APPLE INC.,CUPERTINO,95014,SOFTWARE ENGINEER APPS 4,130000,E,125001 to 150000
APPLE INC.,CUPERTINO,95014,HARDWARE DEVELOP ENG 3,130000,E,125001 to 150000
APPLE INC.,CUPERTINO,95014,STRATEGIC SOURCING MANAGER,130000,E,125001 to 150000
APPLE INC.,CUPERTINO,95014,TOUCH HARDWARE ENGINEER,130000,E,125001 to 150000
APPLE INC.,CUPERTINO,95014,BATTERY TECHNOLOGY EPM,130000,E,125001 to 150000
APPLE INC.,CUPERTINO,95014,SENIOR WEB FRONT-END DEVELOPER,130000,E,125001 to 150000
APPLE INC.,CUPERTINO,95014,TEST ENGINEER 4,130000,E,125001 to 150000
APPLE INC.,CUPERTINO,95014,SOFTWARE ENGINEER SYS 4,130000,E,125001 to 150000
APPLE INC.,CUPERTINO,95014,IOS SOFTWARE ENGINEER - GEO,130000,E,125001 to 150000
APPLE INC.,CUPERTINO,95014,LLVM BACKEND COMPILER ENGINEER,130000,E,125001 to 150000
APPLE INC.,CUPERTINO,95014,SENIOR ORACLE DBA FOR INTERNET SERVICES,130000,E,125001 to 150000
APPLE INC.,CUPERTINO,95014,SENIOR SOFTWARE ENGINEER,130000,E,125001 to 150000
APPLE INC.,CUPERTINO,95014,MODEM DSP FIRMWARE ENGINEER,132000,E,125001 to 150000
APPLE INC.,CUPERTINO,95014,LOGISTICS MGR 3,132600,E,125001 to 150000
APPLE INC.,CUPERTINO,95014,SOFTWARE ENGINEER APPS 4,133000,E,125001 to 150000
APPLE INC.,CUPERTINO,95014,ASIC DESIGN ENG 3,133250,E,125001 to 150000
APPLE INC.,CUPERTINO,95014,SENIOR SOFTWARE ENGINEER,133328,E,125001 to 150000
APPLE INC.,CUPERTINO,95014,SW DEVELOP ENG 3,134000,E,125001 to 150000
APPLE INC.,CUPERTINO,95014,SYSTEMS DESIGN MGR 1,134930,E,125001 to 150000
APPLE INC.,CUPERTINO,95014,ACOUSTICS VALIDATION ENGINEER,135000,E,125001 to 150000
APPLE INC.,CUPERTINO,95014,ESSBASE SOLUTIONS ARCHITECT,135000,E,125001 to 150000
APPLE INC.,CUPERTINO,95014,ESSBASE SOLUTIONS ARCHITECT,135000,E,125001 to 150000
APPLE INC.,CUPERTINO,95014,ENGINEERING PROJECT MGR 4,137537,E,125001 to 150000
APPLE INC.,CUPERTINO,95014,INFO SYSTEMS ENG 4,138000,E,125001 to 150000
APPLE INC.,CUPERTINO,95014,ELECTRONIC DESIGN ENG 4,139154,E,125001 to 150000
APPLE INC.,CUPERTINO,95014,SENIOR ACOUSTICS VALIDATION ENGINEER - METROLOGIST,140000,E,125001 to 150000
APPLE INC.,CUPERTINO,95014,ACOUSTIC TRANSDUCER SPECIALIST,140000,E,125001 to 150000
APPLE INC.,CUPERTINO,95014,SW DEVELOP ENG 4,140000,E,125001 to 150000
APPLE INC.,CUPERTINO,95014,SW ENG APPS MGR 1,140000,E,125001 to 150000
APPLE INC.,CUPERTINO,95014,"SOFTWARE DEVELOPMENT ENGINEER, INVENTORY MANAGEMEN",140000,E,125001 to 150000
APPLE INC.,CUPERTINO,95014,IOS DATA ANALYST/STATISTICIAN,140000,E,125001 to 150000
APPLE INC.,CUPERTINO,95014,CORE OS ENGINEERING PROJECT MGR - KERNEL,140000,E,125001 to 150000
APPLE INC.,CUPERTINO,95014,SENIOR PANEL PROCESS ENGINEER,140000,E,125001 to 150000
APPLE INC.,CUPERTINO,95014,IOS SW DEVELOPER,140000,E,125001 to 150000
APPLE INC.,CUPERTINO,95014,SR. SOFTWARE ENGINEER,140000,E,125001 to 150000
APPLE INC.,CUPERTINO,95014,PRODUCT DESIGN ENGINEER,144200,E,125001 to 150000
APPLE INC.,CUPERTINO,95014,INFO SYSTEMS ENG 5,145000,E,125001 to 150000
APPLE INC.,CUPERTINO,95014,ELECTRONIC DESIGN ENG 4,145000,E,125001 to 150000
APPLE INC.,CUPERTINO,95014,SW DEVELOP ENG 4,145000,E,125001 to 150000
APPLE INC.,CUPERTINO,95014,APPKIT SOFTWARE ENGINEER,145000,E,125001 to 150000
APPLE INC.,CUPERTINO,95014,SOFTWARE ENGINEER APPLICATIONS MANAGER I,145000,E,125001 to 150000
APPLE INC.,CUPERTINO,95014,HARDWARE DEVELOP ENG 4,149000,E,125001 to 150000
APPLE INC.,CUPERTINO,95014,THERMAL ENGINEER,150000,F,150001 to 175000
APPLE INC.,CUPERTINO,95014,MATERIALS ENGINEER,150000,F,150001 to 175000
APPLE INC.,CUPERTINO,95014,ENGINEERING PROJECT MGR 4,150000,F,150001 to 175000
APPLE INC.,CUPERTINO,95014,SOFTWARE DEVELOPMENT ENGINEER 4,150000,F,150001 to 175000
APPLE INC.,CUPERTINO,95014,SENIOR SOFTWARE ENGINEER,150000,F,150001 to 175000
APPLE INC.,CUPERTINO,95014,HARDWARE DEVELOP ENG 4,150000,F,150001 to 175000
APPLE INC.,CUPERTINO,95014,SW DEVELOP ENG 4,155000,F,150001 to 175000
APPLE INC.,CUPERTINO,95014,SW DEVELOP ENG 5,156000,F,150001 to 175000
APPLE INC.,CUPERTINO,95014,SW ENG APPS MGR 2,157500,F,150001 to 175000
APPLE INC.,CUPERTINO,95014,SW DEVELOP MGR 2,160000,F,150001 to 175000
APPLE INC.,CUPERTINO,95014,INFORMATION SYSTEMS MGR 2,162000,F,150001 to 175000
APPLE INC.,CUPERTINO,95014,DATA SCIENTIST,165000,F,150001 to 175000
APPLE INC.,CUPERTINO,95014,FIRMWARE ENGINEER MANAGER 1,170000,F,150001 to 175000
APPLE INC.,CUPERTINO,95014,ENGINEERING MGR 2,185000,G,175001 to 200000
APPLE INC.,CUPERTINO,95014,"SR. DIRECTOR, PRODUCT DESIGN - MACINTOSH",250000,J,250001 to 500000
APPLE INC.,CUPERTINO,95014,LEAD PRODUCT ARCHITECT,250000,J,250001 to 500000
"APPLE MEDICAL CENTER AND URGENT CARE, INC.",HEMET,92543,INTERNIST,160000,F,150001 to 175000
"APPLE, INC.",CUPERTINO,95014,SR. SYSTEMS ADMINISTRATOR,105000,D,100001 to 125000
APPLEONE PAYROLL & TAX FILING SERVICES,TORRANCE,90502,PUBLIC RELATIONS ACCOUNT EXECUTIVE,55300,C,50001 to 100000
"APPLIED BIOSYSTEMS, LLC",CARLSBAD,92008,"SCIENTIST 2, PRODUCTION",58760,C,50001 to 100000
"APPLIED BIOSYSTEMS, LLC",CARLSBAD,92008,"SCIENTIST 2, PRODUCTION",58760,C,50001 to 100000
"APPLIED BIOSYSTEMS, LLC",CARLSBAD,92008,"SCIENTIST III, CHEMISTY",81453,C,50001 to 100000
"APPLIED BIOSYSTEMS, LLC",CARLSBAD,92008,STRATEGY MANAGER,91437,C,50001 to 100000
"APPLIED BIOSYSTEMS, LLC",CARLSBAD,92008,"STAFF SCIENTIST, BIOINFORMATICS",92900,C,50001 to 100000
"APPLIED BIOSYSTEMS, LLC",CARLSBAD,92008,"ENGINEER III, SOFTWARE",100714,D,100001 to 125000
"APPLIED BIOSYSTEMS, LLC",CARLSBAD,92008,"STAFF ENGINEER, SOFTWARE",103522,D,100001 to 125000
"APPLIED BIOSYSTEMS, LLC",CARLSBAD,92008,SENIOR SYSTEMS ADMINISTRATOR,106142,D,100001 to 125000
"APPLIED BIOSYSTEMS, LLC",CARLSBAD,92008,"STAFF ENGINEER, SOFTWARE",114878,D,100001 to 125000
APPLIED KOMATSU TECHNOLOGY,SANTA CLARA,95054,PROCESS ENGINEER,97795,C,50001 to 100000
"APPLIED MATERIALS, INC.",SANTA CLARA,95054,PROCESS ENGINEER,68003,C,50001 to 100000
"APPLIED MATERIALS, INC.",SANTA CLARA,95054,MECHANICAL ENGINEER,68436,C,50001 to 100000
"APPLIED MATERIALS, INC.",SANTA CLARA,95054,TECHNICAL SUPPORT ENGINEER,76066,C,50001 to 100000
"APPLIED MATERIALS, INC.",SANTA CLARA,95054,SERVER SYSTEM ADMINISTRATOR,79851,C,50001 to 100000
"APPLIED MATERIALS, INC.",SANTA CLARA,95054,TECHNICAL SUPPORT ENGINEER,82682,C,50001 to 100000
"APPLIED MATERIALS, INC.",SANTA CLARA,95054,PROCESS ENGINEER,93870,C,50001 to 100000
"APPLIED MATERIALS, INC.",SANTA CLARA,95054,PROCESS ENGINEER,96949,C,50001 to 100000
"APPLIED MATERIALS, INC.",SANTA CLARA,95054,GIS SOLUTION ANALYST,99593,C,50001 to 100000
"APPLIED MATERIALS, INC.",SANTA CLARA,95054,GIS SOLUTION ANALYST,99593,C,50001 to 100000
"APPLIED MATERIALS, INC.",SANTA CLARA,95054,GIS SOLUTION ARCHITECT,100069,D,100001 to 125000
"APPLIED MATERIALS, INC.",SANTA CLARA,95054,TECHNICAL MARKETING ENGINEER,102506,D,100001 to 125000
"APPLIED MATERIALS, INC.",SANTA CLARA,95054,PRODUCT MARKETING MANAGER,102506,D,100001 to 125000
"APPLIED MATERIALS, INC.",SANTA CLARA,95054,FINANCE MANAGER,106589,D,100001 to 125000
"APPLIED MATERIALS, INC.",SANTA CLARA,95054,GIS SOLUTIONS MANAGER,115669,D,100001 to 125000
"APPLIED MATERIALS, INC.",SANTA CLARA,95054,GIS SOLUTIONS MANAGER,115669,D,100001 to 125000
"APPLIED MATERIALS, INC.",SANTA CLARA,95054,MEMBER OF TECHNICAL STAFF,120973,D,100001 to 125000
YAHOO! INC.,SUNNYVALE,94089,"SOFTWARE ENGINEER (TECH YAHOO, SOFTWARE DEV ENG, P",147472,E,125001 to 150000
YAHOO! INC.,SUNNYVALE,94089,"VICE PRESIDENT, PRODUCT MANAGEMENT",191214,G,175001 to 200000
"YAMMER, INC.",SAN FRANCISCO,94107,SENIOR SOFTWARE ENGINEER,88712,C,50001 to 100000
"YAMMER, INC.",SAN FRANCISCO,94107,SENIOR SOFTWARE ENGINEER,107099,D,100001 to 125000
